,Region,Antal,/100 000 inv,Date
1,Gotlands län,..,..,1998-12
2,Gotlands län,..,..,2002-10
3,Gotlands län,..,..,2007-11
4,Gotlands län,..,..,2011-11
5,Gotlands län,..,..,2012-02
6,Gotlands län,..,..,2013-12
7,Gotlands län,..,..,2014-02
8,Jämtlands län,..,..,2000-11
9,Jämtlands län,..,..,2005-12
10,Jämtlands län,1,1,1995-01
11,Jämtlands län,2,1,1995-03
12,Jämtlands län,2,1,1995-11
13,Jämtlands län,2,1,1996-12
14,Norrbottens län,4,1,1995-12
15,Norrbottens län,3,1,1999-02
16,Norrbottens län,3,1,2003-01
17,Västerbottens län,3,1,2000-11
18,Västerbottens län,3,1,2001-02
19,Blekinge län,16,10,1995-03
20,Blekinge län,15,10,1996-10
21,Blekinge län,15,10,2000-03
22,Blekinge län,15,10,2000-11
23,Blekinge län,15,10,2002-11
24,Blekinge län,15,10,2005-01
25,Blekinge län,15,10,2007-03
26,Blekinge län,16,10,2011-02
27,Dalarnas län,30,10,1996-01
28,Dalarnas län,30,10,1996-03
29,Dalarnas län,29,10,1997-10
30,Dalarnas län,29,10,1998-12
31,Dalarnas län,29,10,2000-01
32,Dalarnas län,29,10,2001-11
33,Dalarnas län,27,10,2001-12
34,Dalarnas län,29,10,2002-10
35,Dalarnas län,29,10,2003-10
36,Dalarnas län,29,10,2003-12
37,Dalarnas län,29,10,2004-03
38,Dalarnas län,27,10,2004-12
39,Dalarnas län,27,10,2005-03
40,Dalarnas län,27,10,2010-10
41,Dalarnas län,29,10,2012-12
42,Dalarnas län,27,10,2014-10
43,Gotlands län,6,10,1995-01
44,Gotlands län,6,10,1995-02
45,Gotlands län,6,10,1996-10
46,Gotlands län,6,10,1996-12
47,Gotlands län,6,10,1997-10
48,Gotlands län,6,10,1998-10
49,Gotlands län,6,10,2004-03
50,Gotlands län,6,10,2005-11
51,Gotlands län,6,10,2007-10
52,Gävleborgs län,28,10,1996-01
53,Gävleborgs län,28,10,1996-12
54,Gävleborgs län,28,10,1999-12
55,Gävleborgs län,28,10,2000-12
56,Gävleborgs län,28,10,2005-10
57,Gävleborgs län,27,10,2005-11
58,Gävleborgs län,27,10,2007-10
59,Gävleborgs län,27,10,2009-01
60,Gävleborgs län,29,10,2010-10
61,Gävleborgs län,28,10,2011-12
62,Hallands län,26,10,1999-02
63,Jämtlands län,13,10,2008-10
64,Jämtlands län,13,10,2010-10
65,Jämtlands län,13,10,2012-10
66,Jönköpings län,30,10,1995-11
67,Jönköpings län,30,10,1995-12
68,Jönköpings län,30,10,1996-10
69,Jönköpings län,30,10,1996-11
70,Jönköpings län,32,10,2005-02
71,Jönköpings län,34,10,2008-10
72,Jönköpings län,34,10,2012-02
73,Jönköpings län,35,10,2013-02
74,Kalmar län,25,10,1998-12
75,Kalmar län,23,10,2002-03
76,Kalmar län,24,10,2002-10
77,Kalmar län,23,10,2004-02
78,Kalmar län,23,10,2005-01
79,Kalmar län,24,10,2008-03
80,Kronobergs län,18,10,1995-11
81,Kronobergs län,18,10,1997-01
82,Kronobergs län,18,10,1997-11
83,Kronobergs län,18,10,1999-02
84,Kronobergs län,17,10,2004-11
85,Kronobergs län,18,10,2007-02
86,Kronobergs län,19,10,2008-10
87,Norrbottens län,24,10,2009-10
88,Norrbottens län,25,10,2010-11
89,Norrbottens län,26,10,2011-10
90,Norrbottens län,26,10,2012-01
91,Norrbottens län,24,10,2013-01
92,Stockholms län,173,10,1997-03
93,Stockholms län,176,10,1998-12
94,Stockholms län,176,10,2000-10
95,Södermanlands län,25,10,2001-01
96,Södermanlands län,25,10,2004-03
97,Södermanlands län,26,10,2004-12
98,Södermanlands län,27,10,2007-03
99,Södermanlands län,26,10,2008-03
100,Södermanlands län,27,10,2009-12
101,Södermanlands län,26,10,2010-02
102,Södermanlands län,26,10,2010-03
103,Södermanlands län,26,10,2010-11
104,Uppsala län,28,10,1995-01
105,Uppsala län,30,10,1998-03
106,Uppsala län,30,10,1999-03
107,Uppsala län,28,10,2000-03
108,Uppsala län,31,10,2001-01
109,Uppsala län,29,10,2002-03
110,Uppsala län,30,10,2002-12
111,Uppsala län,29,10,2003-10
112,Uppsala län,29,10,2004-01
113,Uppsala län,30,10,2005-01
114,Uppsala län,32,10,2006-01
115,Uppsala län,30,10,2006-10
116,Uppsala län,31,10,2007-01
117,Uppsala län,32,10,2007-10
118,Uppsala län,34,10,2008-03
119,Uppsala län,32,10,2009-02
120,Uppsala län,34,10,2011-11
121,Uppsala län,34,10,2012-03
122,Uppsala län,34,10,2012-12
123,Uppsala län,36,10,2013-02
124,Värmlands län,29,10,1996-03
125,Värmlands län,28,10,2001-02
126,Värmlands län,27,10,2002-01
127,Värmlands län,26,10,2002-12
128,Värmlands län,28,10,2004-01
129,Värmlands län,26,10,2007-10
130,Värmlands län,27,10,2008-02
131,Värmlands län,28,10,2008-11
132,Värmlands län,26,10,2009-01
133,Värmlands län,26,10,2009-11
134,Värmlands län,27,10,2012-02
135,Västerbottens län,26,10,2010-12
136,Västerbottens län,26,10,2011-10
137,Västerbottens län,26,10,2012-01
138,Västerbottens län,25,10,2012-10
139,Västernorrlands län,26,10,1996-01
140,Västernorrlands län,26,10,1997-10
141,Västernorrlands län,25,10,2003-12
142,Västernorrlands län,24,10,2004-10
143,Västernorrlands län,24,10,2005-10
144,Västernorrlands län,25,10,2008-01
145,Västernorrlands län,24,10,2009-10
146,Västernorrlands län,25,10,2011-01
147,Västmanlands län,27,10,1995-01
148,Västmanlands län,25,10,1997-01
149,Västmanlands län,27,10,1999-01
150,Västmanlands län,27,10,1999-03
151,Västmanlands län,26,10,2001-12
152,Västmanlands län,26,10,2004-02
153,Västmanlands län,27,10,2005-10
154,Västmanlands län,25,10,2008-02
155,Västmanlands län,25,10,2011-11
156,Västra Götalands län,145,10,1996-11
157,Västra Götalands län,153,10,1996-12
158,Västra Götalands län,149,10,1997-02
159,Västra Götalands län,146,10,1998-10
160,Västra Götalands län,153,10,1999-01
161,Västra Götalands län,145,10,2000-01
162,Örebro län,29,10,1995-02
163,Örebro län,29,10,1995-12
164,Örebro län,27,10,2004-03
165,Örebro län,27,10,2006-01
166,Örebro län,29,10,2008-01
167,Örebro län,28,10,2009-02
168,Örebro län,29,10,2010-01
169,Örebro län,29,10,2010-11
170,Örebro län,28,10,2011-03
171,Östergötlands län,43,10,1996-03
172,Östergötlands län,43,10,1996-10
173,Östergötlands län,42,10,1996-12
174,Östergötlands län,43,10,2002-02
175,Östergötlands län,42,10,2006-03
176,Östergötlands län,42,10,2006-10
177,Östergötlands län,42,10,2009-10
178,Östergötlands län,42,10,2010-10
179,Östergötlands län,42,10,2014-10
180,Blekinge län,16,11,1997-10
181,Blekinge län,16,11,1997-12
182,Blekinge län,16,11,1998-02
183,Blekinge län,16,11,1998-11
184,Blekinge län,16,11,2003-03
185,Blekinge län,16,11,2007-02
186,Blekinge län,17,11,2012-12
187,Blekinge län,17,11,2013-01
188,Blekinge län,17,11,2014-10
189,Dalarnas län,31,11,1996-02
190,Dalarnas län,31,11,1999-12
191,Dalarnas län,31,11,2000-03
192,Dalarnas län,30,11,2001-01
193,Dalarnas län,31,11,2007-10
194,Dalarnas län,30,11,2008-12
195,Dalarnas län,31,11,2009-03
196,Dalarnas län,30,11,2013-10
197,Gotlands län,6,11,2009-01
198,Gävleborgs län,31,11,1995-11
199,Gävleborgs län,31,11,1996-03
200,Gävleborgs län,32,11,1998-11
201,Gävleborgs län,32,11,2000-11
202,Gävleborgs län,31,11,2004-12
203,Gävleborgs län,31,11,2005-12
204,Gävleborgs län,30,11,2006-03
205,Gävleborgs län,29,11,2007-12
206,Gävleborgs län,31,11,2011-11
207,Gävleborgs län,31,11,2014-11
208,Hallands län,29,11,2001-10
209,Jämtlands län,14,11,1999-10
210,Jämtlands län,14,11,2011-12
211,Jämtlands län,14,11,2014-11
212,Jönköpings län,34,11,1995-02
213,Jönköpings län,35,11,1995-10
214,Jönköpings län,35,11,1997-01
215,Jönköpings län,36,11,2001-02
216,Jönköpings län,37,11,2004-11
217,Jönköpings län,36,11,2006-01
218,Jönköpings län,35,11,2006-03
219,Jönköpings län,35,11,2007-10
220,Jönköpings län,37,11,2011-02
221,Jönköpings län,37,11,2011-03
222,Kalmar län,27,11,1999-11
223,Kalmar län,25,11,2000-01
224,Kalmar län,26,11,2000-03
225,Kalmar län,26,11,2012-01
226,Kalmar län,25,11,2012-02
227,Kalmar län,25,11,2014-01
228,Kronobergs län,20,11,1996-11
229,Kronobergs län,20,11,1998-11
230,Kronobergs län,20,11,2000-03
231,Kronobergs län,20,11,2002-01
232,Kronobergs län,19,11,2004-10
233,Kronobergs län,21,11,2013-01
234,Kronobergs län,21,11,2014-02
235,Norrbottens län,27,11,2005-10
236,Stockholms län,196,11,1998-03
237,Stockholms län,199,11,1999-01
238,Stockholms län,190,11,1999-03
239,Stockholms län,204,11,1999-12
240,Södermanlands län,28,11,1995-01
241,Södermanlands län,28,11,1995-02
242,Södermanlands län,28,11,1996-12
243,Södermanlands län,28,11,1998-03
244,Södermanlands län,29,11,1999-01
245,Södermanlands län,29,11,2000-01
246,Södermanlands län,28,11,2005-11
247,Södermanlands län,29,11,2007-11
248,Uppsala län,33,11,1999-02
249,Uppsala län,31,11,2000-12
250,Uppsala län,34,11,2004-11
251,Uppsala län,33,11,2005-03
252,Uppsala län,36,11,2007-11
253,Uppsala län,36,11,2008-01
254,Uppsala län,36,11,2008-02
255,Uppsala län,38,11,2010-10
256,Uppsala län,36,11,2010-11
257,Uppsala län,38,11,2011-10
258,Uppsala län,36,11,2012-10
259,Uppsala län,39,11,2013-01
260,Uppsala län,39,11,2014-01
261,Uppsala län,39,11,2014-12
262,Värmlands län,30,11,1995-02
263,Värmlands län,30,11,1998-03
264,Värmlands län,31,11,2000-02
265,Värmlands län,31,11,2002-02
266,Värmlands län,31,11,2003-11
267,Värmlands län,31,11,2004-12
268,Värmlands län,30,11,2005-03
269,Värmlands län,29,11,2006-02
270,Värmlands län,30,11,2007-01
271,Västerbottens län,30,11,2014-10
272,Västernorrlands län,29,11,1995-10
273,Västernorrlands län,29,11,1995-12
274,Västernorrlands län,27,11,1999-11
275,Västernorrlands län,28,11,2002-10
276,Västernorrlands län,27,11,2004-11
277,Västernorrlands län,27,11,2007-11
278,Västernorrlands län,27,11,2007-12
279,Västernorrlands län,26,11,2009-02
280,Västernorrlands län,26,11,2013-11
281,Västernorrlands län,26,11,2013-12
282,Västmanlands län,29,11,1996-01
283,Västmanlands län,29,11,1997-11
284,Västmanlands län,28,11,2000-01
285,Västmanlands län,28,11,2000-02
286,Västmanlands län,28,11,2002-01
287,Västmanlands län,28,11,2007-10
288,Västmanlands län,27,11,2010-03
289,Västmanlands län,28,11,2012-12
290,Västra Götalands län,159,11,1997-11
291,Västra Götalands län,164,11,1997-12
292,Västra Götalands län,161,11,1999-11
293,Västra Götalands län,168,11,1999-12
294,Västra Götalands län,163,11,2000-10
295,Västra Götalands län,164,11,2007-03
296,Örebro län,31,11,1996-03
297,Örebro län,30,11,1997-02
298,Örebro län,29,11,2001-10
299,Örebro län,29,11,2004-11
300,Örebro län,31,11,2004-12
301,Örebro län,31,11,2008-10
302,Örebro län,32,11,2009-01
303,Örebro län,30,11,2010-03
304,Örebro län,30,11,2012-02
305,Örebro län,31,11,2012-03
306,Örebro län,32,11,2013-12
307,Örebro län,32,11,2014-01
308,Östergötlands län,46,11,1995-03
309,Östergötlands län,44,11,1997-02
310,Östergötlands län,46,11,1997-10
311,Östergötlands län,47,11,2003-12
312,Östergötlands län,45,11,2004-03
313,Östergötlands län,46,11,2005-11
314,Östergötlands län,46,11,2006-11
315,Östergötlands län,46,11,2012-02
316,Östergötlands län,50,11,2014-12
317,Blekinge län,19,12,1995-10
318,Blekinge län,18,12,1998-03
319,Blekinge län,18,12,1999-10
320,Blekinge län,18,12,2001-12
321,Blekinge län,18,12,2005-02
322,Blekinge län,19,12,2010-12
323,Blekinge län,19,12,2011-03
324,Blekinge län,19,12,2011-12
325,Blekinge län,18,12,2013-11
326,Dalarnas län,33,12,2003-03
327,Dalarnas län,34,12,2004-10
328,Dalarnas län,34,12,2008-01
329,Dalarnas län,33,12,2010-01
330,Dalarnas län,34,12,2010-11
331,Dalarnas län,32,12,2011-01
332,Dalarnas län,32,12,2012-03
333,Dalarnas län,34,12,2013-12
334,Dalarnas län,32,12,2014-01
335,Gotlands län,7,12,1997-12
336,Gotlands län,7,12,2000-11
337,Gotlands län,7,12,2003-12
338,Gotlands län,7,12,2004-02
339,Gotlands län,7,12,2004-10
340,Gotlands län,7,12,2005-01
341,Gävleborgs län,33,12,1998-10
342,Gävleborgs län,34,12,2000-10
343,Gävleborgs län,32,12,2004-03
344,Gävleborgs län,32,12,2004-10
345,Gävleborgs län,32,12,2006-02
346,Gävleborgs län,34,12,2008-02
347,Gävleborgs län,33,12,2008-11
348,Gävleborgs län,32,12,2009-12
349,Gävleborgs län,32,12,2010-11
350,Gävleborgs län,33,12,2012-10
351,Gävleborgs län,34,12,2012-11
352,Hallands län,35,12,2006-03
353,Hallands län,34,12,2007-03
354,Jämtlands län,15,12,2008-12
355,Jämtlands län,15,12,2011-01
356,Jämtlands län,15,12,2014-12
357,Jönköpings län,39,12,1999-02
358,Jönköpings län,38,12,2000-02
359,Jönköpings län,38,12,2004-02
360,Jönköpings län,41,12,2005-11
361,Jönköpings län,42,12,2012-12
362,Jönköpings län,42,12,2014-03
363,Kalmar län,29,12,1998-10
364,Kalmar län,29,12,2000-02
365,Kalmar län,27,12,2003-02
366,Kalmar län,29,12,2007-11
367,Kalmar län,28,12,2010-02
368,Kalmar län,29,12,2010-03
369,Kalmar län,29,12,2011-01
370,Kalmar län,28,12,2012-11
371,Kalmar län,28,12,2014-10
372,Kronobergs län,21,12,1995-10
373,Kronobergs län,22,12,2002-03
374,Kronobergs län,21,12,2004-01
375,Kronobergs län,21,12,2005-02
376,Kronobergs län,21,12,2008-02
377,Kronobergs län,21,12,2008-03
378,Norrbottens län,31,12,2011-01
379,Norrbottens län,30,12,2011-11
380,Norrbottens län,31,12,2013-10
381,Norrbottens län,30,12,2014-11
382,Stockholms län,218,12,1998-02
383,Stockholms län,210,12,1999-10
384,Stockholms län,227,12,2001-10
385,Stockholms län,226,12,2001-11
386,Stockholms län,216,12,2001-12
387,Södermanlands län,32,12,1996-10
388,Södermanlands län,31,12,1997-01
389,Södermanlands län,31,12,2003-02
390,Södermanlands län,31,12,2008-10
391,Södermanlands län,32,12,2011-10
392,Södermanlands län,33,12,2011-11
393,Södermanlands län,33,12,2013-03
394,Uppsala län,35,12,1999-10
395,Uppsala län,35,12,2000-01
396,Uppsala län,36,12,2000-10
397,Uppsala län,36,12,2003-01
398,Uppsala län,35,12,2005-12
399,Uppsala län,40,12,2009-03
400,Uppsala län,43,12,2014-10
401,Värmlands län,32,12,1999-01
402,Värmlands län,33,12,1999-12
403,Värmlands län,33,12,2003-01
404,Värmlands län,33,12,2003-02
405,Värmlands län,32,12,2007-12
406,Värmlands län,33,12,2010-12
407,Värmlands län,34,12,2011-03
408,Västerbottens län,30,12,2003-11
409,Västerbottens län,31,12,2004-11
410,Västernorrlands län,30,12,2001-01
411,Västernorrlands län,30,12,2001-11
412,Västernorrlands län,29,12,2003-03
413,Västernorrlands län,29,12,2003-10
414,Västernorrlands län,29,12,2003-11
415,Västernorrlands län,30,12,2004-12
416,Västernorrlands län,29,12,2005-11
417,Västernorrlands län,29,12,2006-03
418,Västernorrlands län,29,12,2007-02
419,Västernorrlands län,30,12,2011-11
420,Västernorrlands län,30,12,2012-10
421,Västmanlands län,32,12,1995-10
422,Västmanlands län,32,12,1996-03
423,Västmanlands län,32,12,2000-03
424,Västmanlands län,32,12,2002-02
425,Västmanlands län,30,12,2003-01
426,Västmanlands län,32,12,2003-03
427,Västmanlands län,30,12,2003-10
428,Västmanlands län,30,12,2004-01
429,Västmanlands län,32,12,2005-12
430,Västmanlands län,31,12,2006-01
431,Västmanlands län,29,12,2009-03
432,Västmanlands län,31,12,2012-03
433,Västmanlands län,31,12,2014-01
434,Västra Götalands län,175,12,1999-10
435,Västra Götalands län,184,12,2000-11
436,Västra Götalands län,178,12,2000-12
437,Västra Götalands län,179,12,2001-10
438,Västra Götalands län,190,12,2006-02
439,Västra Götalands län,182,12,2010-02
440,Örebro län,34,12,1995-01
441,Örebro län,32,12,1996-01
442,Örebro län,33,12,1997-01
443,Örebro län,32,12,1998-01
444,Örebro län,33,12,1998-03
445,Örebro län,34,12,1999-01
446,Örebro län,33,12,2005-02
447,Örebro län,32,12,2005-11
448,Örebro län,33,12,2007-12
449,Örebro län,33,12,2010-02
450,Örebro län,33,12,2010-12
451,Örebro län,33,12,2011-01
452,Örebro län,35,12,2011-12
453,Östergötlands län,49,12,1995-01
454,Östergötlands län,50,12,1998-02
455,Östergötlands län,48,12,1999-02
456,Östergötlands län,51,12,2000-01
457,Östergötlands län,50,12,2001-11
458,Östergötlands län,51,12,2002-11
459,Östergötlands län,48,12,2005-10
460,Östergötlands län,49,12,2008-10
461,Östergötlands län,52,12,2011-01
462,Östergötlands län,52,12,2011-11
463,Östergötlands län,51,12,2014-03
464,Blekinge län,19,13,1997-01
465,Blekinge län,20,13,1998-01
466,Blekinge län,20,13,1999-02
467,Blekinge län,19,13,2000-01
468,Blekinge län,20,13,2001-01
469,Blekinge län,20,13,2012-01
470,Blekinge län,20,13,2012-03
471,Dalarnas län,37,13,2012-01
472,Dalarnas län,35,13,2012-02
473,Dalarnas län,36,13,2013-02
474,Dalarnas län,36,13,2014-03
475,Gävleborgs län,37,13,1995-10
476,Gävleborgs län,35,13,2001-03
477,Gävleborgs län,35,13,2002-10
478,Gävleborgs län,36,13,2003-03
479,Gävleborgs län,36,13,2003-12
480,Gävleborgs län,36,13,2009-10
481,Gävleborgs län,37,13,2010-03
482,Gävleborgs län,36,13,2014-01
483,Gävleborgs län,37,13,2014-02
484,Gävleborgs län,36,13,2014-03
485,Hallands län,35,13,1997-02
486,Jämtlands län,16,13,2009-01
487,Jämtlands län,16,13,2009-10
488,Jämtlands län,17,13,2010-01
489,Jönköpings län,41,13,1997-10
490,Jönköpings län,44,13,1998-12
491,Jönköpings län,42,13,2001-12
492,Jönköpings län,43,13,2003-01
493,Jönköpings län,42,13,2004-03
494,Jönköpings län,43,13,2004-10
495,Jönköpings län,44,13,2009-01
496,Jönköpings län,42,13,2009-02
497,Jönköpings län,44,13,2009-03
498,Jönköpings län,43,13,2012-03
499,Jönköpings län,44,13,2014-12
500,Kalmar län,32,13,1999-12
501,Kalmar län,30,13,2001-02
502,Kalmar län,31,13,2002-12
503,Kalmar län,31,13,2004-12
504,Kalmar län,30,13,2010-11
505,Kronobergs län,23,13,1997-12
506,Kronobergs län,23,13,2000-01
507,Kronobergs län,23,13,2001-10
508,Kronobergs län,24,13,2004-12
509,Kronobergs län,24,13,2006-01
510,Kronobergs län,24,13,2007-01
511,Kronobergs län,23,13,2007-03
512,Kronobergs län,25,13,2012-02
513,Norrbottens län,32,13,2014-12
514,Skåne län,145,13,1996-03
515,Skåne län,147,13,2001-03
516,Stockholms län,231,13,1996-03
517,Stockholms län,221,13,1997-01
518,Stockholms län,237,13,1998-10
519,Stockholms län,231,13,1998-11
520,Stockholms län,235,13,2000-11
521,Stockholms län,247,13,2002-01
522,Stockholms län,238,13,2002-02
523,Stockholms län,246,13,2002-10
524,Södermanlands län,34,13,1996-02
525,Södermanlands län,34,13,1998-02
526,Södermanlands län,33,13,1999-03
527,Södermanlands län,33,13,2002-10
528,Södermanlands län,33,13,2004-01
529,Södermanlands län,35,13,2004-10
530,Södermanlands län,34,13,2008-01
531,Södermanlands län,34,13,2008-02
532,Södermanlands län,35,13,2008-11
533,Södermanlands län,35,13,2011-02
534,Södermanlands län,35,13,2013-01
535,Södermanlands län,35,13,2014-01
536,Uppsala län,37,13,1996-01
537,Uppsala län,37,13,1997-12
538,Uppsala län,43,13,2008-12
539,Uppsala län,43,13,2011-03
540,Uppsala län,44,13,2012-11
541,Uppsala län,43,13,2013-10
542,Värmlands län,35,13,1999-03
543,Värmlands län,37,13,2000-10
544,Värmlands län,35,13,2001-12
545,Värmlands län,35,13,2003-03
546,Värmlands län,35,13,2009-10
547,Värmlands län,35,13,2010-10
548,Värmlands län,37,13,2014-01
549,Värmlands län,35,13,2014-12
550,Västerbottens län,34,13,2009-11
551,Västernorrlands län,32,13,1998-11
552,Västernorrlands län,33,13,2002-12
553,Västernorrlands län,32,13,2010-10
554,Västernorrlands län,31,13,2012-11
555,Västernorrlands län,31,13,2014-02
556,Västernorrlands län,31,13,2014-10
557,Västmanlands län,34,13,1996-12
558,Västmanlands län,33,13,1998-03
559,Västmanlands län,33,13,2004-12
560,Västmanlands län,34,13,2006-10
561,Västmanlands län,33,13,2010-12
562,Västmanlands län,34,13,2013-12
563,Västmanlands län,35,13,2014-03
564,Västra Götalands län,195,13,2005-03
565,Örebro län,35,13,1996-02
566,Örebro län,37,13,1996-12
567,Örebro län,36,13,2002-02
568,Örebro län,36,13,2005-01
569,Örebro län,36,13,2005-10
570,Örebro län,36,13,2005-12
571,Örebro län,37,13,2007-01
572,Örebro län,35,13,2007-11
573,Örebro län,35,13,2009-11
574,Örebro län,36,13,2009-12
575,Örebro län,36,13,2014-02
576,Östergötlands län,55,13,1996-11
577,Östergötlands län,55,13,1997-11
578,Östergötlands län,53,13,2000-02
579,Östergötlands län,54,13,2001-10
580,Östergötlands län,55,13,2004-01
581,Östergötlands län,53,13,2004-11
582,Östergötlands län,56,13,2005-01
583,Östergötlands län,54,13,2010-12
584,Östergötlands län,56,13,2012-03
585,Östergötlands län,55,13,2013-10
586,Östergötlands län,57,13,2014-02
587,Blekinge län,21,14,1998-10
588,Blekinge län,21,14,2003-12
589,Blekinge län,21,14,2005-10
590,Blekinge län,21,14,2005-11
591,Blekinge län,22,14,2009-01
592,Blekinge län,22,14,2009-02
593,Blekinge län,22,14,2014-01
594,Blekinge län,21,14,2014-02
595,Blekinge län,22,14,2014-11
596,Dalarnas län,40,14,2000-11
597,Dalarnas län,39,14,2000-12
598,Dalarnas län,39,14,2003-11
599,Dalarnas län,40,14,2004-11
600,Dalarnas län,40,14,2010-12
601,Gotlands län,8,14,1998-11
602,Gotlands län,8,14,2004-01
603,Gävleborgs län,40,14,2001-12
604,Gävleborgs län,39,14,2003-02
605,Gävleborgs län,38,14,2008-01
606,Gävleborgs län,38,14,2008-03
607,Gävleborgs län,39,14,2014-10
608,Hallands län,37,14,1998-03
609,Hallands län,38,14,1999-01
610,Hallands län,41,14,2006-02
611,Hallands län,42,14,2010-02
612,Jönköpings län,45,14,1998-01
613,Jönköpings län,47,14,1999-11
614,Jönköpings län,46,14,2002-01
615,Jönköpings län,47,14,2002-02
616,Jönköpings län,45,14,2003-10
617,Jönköpings län,45,14,2005-01
618,Jönköpings län,48,14,2010-10
619,Jönköpings län,48,14,2012-10
620,Jönköpings län,49,14,2013-03
621,Kalmar län,32,14,2003-10
622,Kalmar län,33,14,2003-12
623,Kalmar län,32,14,2005-02
624,Kalmar län,32,14,2009-02
625,Kalmar län,33,14,2013-02
626,Kronobergs län,25,14,1996-12
627,Kronobergs län,25,14,1999-03
628,Kronobergs län,25,14,1999-12
629,Kronobergs län,24,14,2002-10
630,Kronobergs län,25,14,2003-11
631,Stockholms län,237,14,1996-01
632,Stockholms län,239,14,1996-02
633,Stockholms län,242,14,1997-02
634,Stockholms län,260,14,1999-11
635,Stockholms län,253,14,2003-02
636,Stockholms län,265,14,2006-10
637,Södermanlands län,36,14,1997-10
638,Södermanlands län,37,14,1999-02
639,Södermanlands län,36,14,2003-01
640,Södermanlands län,36,14,2004-11
641,Södermanlands län,37,14,2006-12
642,Södermanlands län,39,14,2010-01
643,Södermanlands län,39,14,2010-10
644,Södermanlands län,37,14,2011-12
645,Södermanlands län,38,14,2012-10
646,Södermanlands län,40,14,2013-11
647,Södermanlands län,38,14,2014-02
648,Södermanlands län,39,14,2014-03
649,Uppsala län,40,14,1995-11
650,Uppsala län,39,14,1996-10
651,Uppsala län,42,14,1998-02
652,Uppsala län,41,14,1998-12
653,Uppsala län,40,14,1999-12
654,Uppsala län,41,14,2001-12
655,Uppsala län,43,14,2006-12
656,Uppsala län,45,14,2007-12
657,Uppsala län,47,14,2009-12
658,Värmlands län,39,14,1997-11
659,Värmlands län,38,14,2005-01
660,Värmlands län,38,14,2006-12
661,Värmlands län,39,14,2007-11
662,Värmlands län,39,14,2008-10
663,Värmlands län,38,14,2010-11
664,Värmlands län,38,14,2011-10
665,Värmlands län,39,14,2012-10
666,Värmlands län,39,14,2012-11
667,Värmlands län,38,14,2012-12
668,Värmlands län,39,14,2013-03
669,Västerbottens län,37,14,2011-11
670,Västerbottens län,37,14,2013-11
671,Västernorrlands län,36,14,1998-10
672,Västernorrlands län,34,14,1999-01
673,Västernorrlands län,34,14,2000-11
674,Västernorrlands län,35,14,2001-10
675,Västernorrlands län,33,14,2006-10
676,Västernorrlands län,33,14,2009-01
677,Västernorrlands län,33,14,2010-11
678,Västernorrlands län,34,14,2011-10
679,Västmanlands län,37,14,1996-10
680,Västmanlands län,37,14,2001-10
681,Västmanlands län,37,14,2002-10
682,Västmanlands län,37,14,2003-12
683,Västmanlands län,34,14,2007-11
684,Västmanlands län,36,14,2010-02
685,Västmanlands län,35,14,2011-01
686,Västmanlands län,35,14,2012-02
687,Västmanlands län,35,14,2013-01
688,Västra Götalands län,207,14,2001-12
689,Västra Götalands län,212,14,2006-03
690,Västra Götalands län,211,14,2007-01
691,Västra Götalands län,219,14,2010-03
692,Västra Götalands län,234,14,2014-03
693,Örebro län,39,14,1997-10
694,Örebro län,38,14,1997-11
695,Örebro län,38,14,2002-01
696,Örebro län,38,14,2002-03
697,Örebro län,37,14,2003-01
698,Örebro län,39,14,2006-11
699,Östergötlands län,56,14,1999-10
700,Östergötlands län,60,14,2003-10
701,Östergötlands län,61,14,2009-12
702,Östergötlands län,61,14,2010-11
703,Östergötlands län,60,14,2012-11
704,Östergötlands län,61,14,2013-11
705,Blekinge län,23,15,1995-01
706,Blekinge län,23,15,1999-01
707,Blekinge län,22,15,2000-10
708,Blekinge län,23,15,2003-01
709,Blekinge län,22,15,2005-12
710,Blekinge län,23,15,2006-11
711,Blekinge län,22,15,2007-01
712,Dalarnas län,43,15,1995-10
713,Dalarnas län,42,15,2000-10
714,Dalarnas län,42,15,2008-11
715,Dalarnas län,41,15,2012-11
716,Dalarnas län,42,15,2014-12
717,Gävleborgs län,43,15,1999-11
718,Gävleborgs län,42,15,2009-11
719,Gävleborgs län,42,15,2013-12
720,Hallands län,41,15,1996-02
721,Hallands län,45,15,2008-03
722,Hallands län,45,15,2013-01
723,Jönköpings län,50,15,2007-11
724,Jönköpings län,51,15,2008-01
725,Jönköpings län,51,15,2008-02
726,Jönköpings län,50,15,2014-01
727,Kalmar län,37,15,1997-12
728,Kalmar län,36,15,2000-10
729,Kalmar län,36,15,2002-01
730,Kalmar län,36,15,2002-02
731,Kalmar län,34,15,2005-12
732,Kalmar län,34,15,2006-12
733,Kalmar län,34,15,2008-01
734,Kalmar län,34,15,2008-10
735,Kalmar län,35,15,2009-03
736,Kalmar län,34,15,2011-03
737,Kalmar län,36,15,2012-10
738,Kalmar län,36,15,2014-11
739,Kronobergs län,26,15,1998-10
740,Kronobergs län,27,15,1999-01
741,Kronobergs län,26,15,1999-10
742,Kronobergs län,27,15,1999-11
743,Kronobergs län,27,15,2000-12
744,Kronobergs län,26,15,2001-11
745,Kronobergs län,27,15,2003-03
746,Kronobergs län,27,15,2009-02
747,Kronobergs län,28,15,2011-02
748,Norrbottens län,37,15,2014-10
749,Skåne län,171,15,1999-02
750,Skåne län,172,15,1999-10
751,Skåne län,172,15,2001-02
752,Stockholms län,266,15,1997-10
753,Stockholms län,263,15,1998-01
754,Stockholms län,267,15,2000-12
755,Stockholms län,273,15,2002-03
756,Stockholms län,285,15,2002-11
757,Stockholms län,280,15,2003-03
758,Södermanlands län,39,15,1997-02
759,Södermanlands län,40,15,2003-10
760,Södermanlands län,40,15,2005-01
761,Södermanlands län,41,15,2008-12
762,Södermanlands län,39,15,2009-03
763,Södermanlands län,41,15,2010-12
764,Södermanlands län,40,15,2012-12
765,Uppsala län,43,15,1995-10
766,Uppsala län,44,15,1995-12
767,Uppsala län,43,15,1996-02
768,Uppsala län,44,15,1997-03
769,Uppsala län,44,15,1999-01
770,Uppsala län,45,15,2002-01
771,Uppsala län,46,15,2002-02
772,Uppsala län,50,15,2010-12
773,Uppsala län,50,15,2012-02
774,Uppsala län,50,15,2013-11
775,Värmlands län,42,15,1995-11
776,Värmlands län,41,15,1997-10
777,Värmlands län,42,15,1998-12
778,Värmlands län,41,15,2003-10
779,Värmlands län,40,15,2004-10
780,Värmlands län,41,15,2005-02
781,Värmlands län,41,15,2008-12
782,Värmlands län,40,15,2013-01
783,Värmlands län,41,15,2013-10
784,Värmlands län,42,15,2014-10
785,Värmlands län,40,15,2014-11
786,Västerbottens län,38,15,2014-12
787,Västernorrlands län,38,15,1996-10
788,Västernorrlands län,36,15,2000-10
789,Västmanlands län,40,15,1996-02
790,Västmanlands län,38,15,1997-10
791,Västmanlands län,39,15,1997-12
792,Västmanlands län,39,15,1998-10
793,Västmanlands län,39,15,1998-11
794,Västmanlands län,39,15,1999-10
795,Västmanlands län,40,15,2002-03
796,Västmanlands län,38,15,2005-01
797,Västmanlands län,38,15,2005-11
798,Västmanlands län,38,15,2006-11
799,Västmanlands län,38,15,2008-10
800,Västmanlands län,38,15,2008-12
801,Västmanlands län,40,15,2014-10
802,Västmanlands län,40,15,2014-12
803,Västra Götalands län,231,15,2004-03
804,Västra Götalands län,234,15,2004-10
805,Västra Götalands län,223,15,2005-02
806,Västra Götalands län,228,15,2007-10
807,Västra Götalands län,232,15,2009-03
808,Örebro län,41,15,1998-11
809,Örebro län,40,15,1999-10
810,Örebro län,41,15,1999-12
811,Örebro län,41,15,2002-12
812,Örebro län,41,15,2007-10
813,Örebro län,43,15,2011-10
814,Örebro län,42,15,2013-01
815,Östergötlands län,61,15,1996-01
816,Östergötlands län,62,15,1997-01
817,Östergötlands län,60,15,2001-01
818,Östergötlands län,62,15,2002-01
819,Östergötlands län,62,15,2004-10
820,Östergötlands län,65,15,2014-11
821,Blekinge län,24,16,1998-12
822,Blekinge län,24,16,2008-03
823,Blekinge län,25,16,2010-11
824,Blekinge län,24,16,2013-10
825,Dalarnas län,43,16,2002-11
826,Dalarnas län,45,16,2006-10
827,Dalarnas län,45,16,2008-10
828,Dalarnas län,43,16,2009-01
829,Gotlands län,9,16,1997-03
830,Gotlands län,9,16,2003-10
831,Gotlands län,9,16,2003-11
832,Gotlands län,9,16,2009-10
833,Gotlands län,9,16,2010-12
834,Gävleborgs län,45,16,2004-11
835,Gävleborgs län,45,16,2013-11
836,Hallands län,44,16,1995-12
837,Hallands län,44,16,1996-01
838,Hallands län,43,16,1996-11
839,Hallands län,45,16,1999-11
840,Hallands län,45,16,2000-02
841,Hallands län,46,16,2003-02
842,Hallands län,45,16,2004-10
843,Hallands län,46,16,2006-01
844,Hallands län,48,16,2008-01
845,Hallands län,49,16,2012-12
846,Jönköpings län,49,16,1997-11
847,Jönköpings län,54,16,2000-01
848,Jönköpings län,54,16,2000-10
849,Jönköpings län,52,16,2000-11
850,Jönköpings län,51,16,2002-11
851,Jönköpings län,54,16,2002-12
852,Kalmar län,38,16,2003-01
853,Kalmar län,38,16,2003-11
854,Kalmar län,38,16,2004-01
855,Kalmar län,37,16,2009-01
856,Kalmar län,37,16,2014-02
857,Kalmar län,37,16,2014-12
858,Kronobergs län,28,16,1996-10
859,Kronobergs län,28,16,1997-03
860,Kronobergs län,28,16,2003-10
861,Kronobergs län,29,16,2005-03
862,Kronobergs län,30,16,2012-03
863,Kronobergs län,31,16,2014-10
864,Skåne län,177,16,1996-02
865,Skåne län,175,16,1998-02
866,Skåne län,181,16,1998-03
867,Skåne län,181,16,2001-01
868,Stockholms län,271,16,1996-10
869,Stockholms län,278,16,1996-11
870,Södermanlands län,40,16,1998-11
871,Södermanlands län,42,16,2000-10
872,Södermanlands län,42,16,2001-02
873,Södermanlands län,43,16,2007-12
874,Södermanlands län,42,16,2009-10
875,Södermanlands län,44,16,2012-11
876,Södermanlands län,43,16,2013-12
877,Södermanlands län,44,16,2014-11
878,Uppsala län,46,16,1995-03
879,Uppsala län,47,16,1997-10
880,Uppsala län,46,16,2000-11
881,Uppsala län,48,16,2004-12
882,Uppsala län,56,16,2013-12
883,Värmlands län,45,16,1998-11
884,Värmlands län,45,16,1999-02
885,Värmlands län,43,16,2001-11
886,Värmlands län,44,16,2003-12
887,Värmlands län,43,16,2008-01
888,Västerbottens län,41,16,2014-11
889,Västernorrlands län,39,16,1999-10
890,Västernorrlands län,38,16,2013-10
891,Västernorrlands län,40,16,2014-12
892,Västmanlands län,43,16,1995-02
893,Västmanlands län,43,16,1995-12
894,Västmanlands län,40,16,1999-12
895,Västmanlands län,41,16,2002-12
896,Västmanlands län,41,16,2010-01
897,Västmanlands län,41,16,2011-12
898,Västra Götalands län,245,16,1995-12
899,Västra Götalands län,244,16,2001-11
900,Västra Götalands län,246,16,2006-01
901,Västra Götalands län,244,16,2006-11
902,Västra Götalands län,252,16,2007-02
903,Västra Götalands län,253,16,2012-03
904,Örebro län,45,16,1995-03
905,Örebro län,43,16,1995-10
906,Örebro län,44,16,1995-11
907,Örebro län,44,16,1996-11
908,Örebro län,44,16,2000-01
909,Örebro län,45,16,2004-10
910,Östergötlands län,68,16,1995-02
911,Östergötlands län,65,16,1998-11
912,Östergötlands län,65,16,1998-12
913,Östergötlands län,65,16,1999-03
914,Östergötlands län,64,16,2000-10
915,Östergötlands län,65,16,2006-12
916,Östergötlands län,66,16,2007-10
917,Blekinge län,25,17,2002-12
918,Blekinge län,26,17,2003-10
919,Blekinge län,26,17,2004-03
920,Blekinge län,26,17,2011-10
921,Blekinge län,26,17,2012-11
922,Blekinge län,26,17,2014-12
923,Dalarnas län,46,17,2011-03
924,Gotlands län,10,17,1995-11
925,Gotlands län,10,17,2012-03
926,Gävleborgs län,49,17,1996-02
927,Gävleborgs län,46,17,2002-11
928,Hallands län,46,17,1995-02
929,Hallands län,45,17,1995-03
930,Hallands län,47,17,1996-10
931,Hallands län,46,17,1997-03
932,Hallands län,47,17,1998-02
933,Jönköpings län,56,17,2001-01
934,Jönköpings län,57,17,2004-12
935,Jönköpings län,57,17,2009-10
936,Jönköpings län,57,17,2011-01
937,Jönköpings län,57,17,2013-12
938,Kalmar län,41,17,1999-10
939,Kalmar län,39,17,2008-11
940,Kalmar län,40,17,2010-01
941,Kalmar län,39,17,2011-10
942,Kronobergs län,30,17,1997-02
943,Kronobergs län,31,17,2003-01
944,Kronobergs län,30,17,2005-01
945,Kronobergs län,30,17,2007-12
946,Kronobergs län,31,17,2009-03
947,Skåne län,189,17,1998-01
948,Skåne län,188,17,1998-10
949,Skåne län,186,17,1999-01
950,Skåne län,192,17,1999-03
951,Stockholms län,314,17,2003-01
952,Stockholms län,309,17,2003-10
953,Stockholms län,311,17,2003-11
954,Stockholms län,319,17,2005-03
955,Stockholms län,325,17,2006-03
956,Stockholms län,325,17,2007-02
957,Stockholms län,333,17,2007-03
958,Södermanlands län,45,17,1995-11
959,Södermanlands län,44,17,1996-11
960,Södermanlands län,44,17,1997-12
961,Södermanlands län,44,17,2000-11
962,Södermanlands län,43,17,2002-03
963,Södermanlands län,45,17,2009-01
964,Södermanlands län,46,17,2011-03
965,Södermanlands län,47,17,2012-01
966,Södermanlands län,46,17,2013-02
967,Uppsala län,48,17,1996-03
968,Uppsala län,48,17,1996-11
969,Uppsala län,50,17,1997-02
970,Värmlands län,48,17,1999-11
971,Värmlands län,46,17,2000-12
972,Värmlands län,47,17,2011-01
973,Västernorrlands län,41,17,2009-11
974,Västernorrlands län,40,17,2011-12
975,Västmanlands län,44,17,1998-01
976,Västmanlands län,45,17,2003-11
977,Västmanlands län,42,17,2009-01
978,Västmanlands län,42,17,2009-02
979,Västmanlands län,42,17,2009-12
980,Västmanlands län,44,17,2013-11
981,Västra Götalands län,258,17,1995-01
982,Västra Götalands län,256,17,2002-03
983,Västra Götalands län,254,17,2004-02
984,Västra Götalands län,252,17,2004-11
985,Västra Götalands län,263,17,2008-01
986,Västra Götalands län,266,17,2008-02
987,Västra Götalands län,260,17,2008-03
988,Västra Götalands län,280,17,2013-02
989,Västra Götalands län,275,17,2014-01
990,Örebro län,48,17,1996-10
991,Örebro län,46,17,2003-11
992,Örebro län,46,17,2006-10
993,Örebro län,48,17,2006-12
994,Örebro län,49,17,2013-10
995,Östergötlands län,72,17,1995-12
996,Östergötlands län,70,17,1997-12
997,Östergötlands län,71,17,2002-10
998,Östergötlands län,72,17,2003-03
999,Östergötlands län,70,17,2007-11
1000,Östergötlands län,73,17,2008-12
1001,Blekinge län,27,18,2006-12
1002,Blekinge län,27,18,2007-10
1003,Blekinge län,27,18,2008-01
1004,Blekinge län,28,18,2009-03
1005,Blekinge län,27,18,2010-01
1006,Blekinge län,28,18,2010-03
1007,Blekinge län,28,18,2013-12
1008,Dalarnas län,49,18,2005-12
1009,Dalarnas län,49,18,2009-10
1010,Dalarnas län,49,18,2011-02
1011,Gävleborgs län,49,18,2002-12
1012,Hallands län,50,18,2001-03
1013,Hallands län,50,18,2003-11
1014,Hallands län,52,18,2004-01
1015,Jämtlands län,23,18,2009-11
1016,Jönköpings län,59,18,2002-03
1017,Jönköpings län,63,18,2014-10
1018,Jönköpings län,62,18,2014-11
1019,Kalmar län,42,18,2000-11
1020,Kalmar län,43,18,2006-11
1021,Kalmar län,41,18,2007-10
1022,Kalmar län,42,18,2009-10
1023,Kalmar län,43,18,2011-11
1024,Kalmar län,41,18,2012-12
1025,Kalmar län,43,18,2014-03
1026,Kronobergs län,32,18,1998-01
1027,Kronobergs län,33,18,2010-02
1028,Kronobergs län,34,18,2012-10
1029,Kronobergs län,34,18,2013-02
1030,Kronobergs län,33,18,2014-01
1031,Norrbottens län,46,18,2009-11
1032,Skåne län,200,18,2000-12
1033,Stockholms län,344,18,2006-11
1034,Stockholms län,351,18,2006-12
1035,Stockholms län,365,18,2011-02
1036,Södermanlands län,46,18,1995-10
1037,Södermanlands län,48,18,2011-01
1038,Södermanlands län,50,18,2012-03
1039,Södermanlands län,49,18,2013-10
1040,Södermanlands län,49,18,2014-10
1041,Uppsala län,53,18,1997-01
1042,Uppsala län,51,18,1998-11
1043,Uppsala län,52,18,2001-10
1044,Uppsala län,54,18,2003-11
1045,Uppsala län,53,18,2003-12
1046,Uppsala län,62,18,2012-01
1047,Värmlands län,50,18,1995-10
1048,Värmlands län,50,18,1998-10
1049,Värmlands län,50,18,2004-11
1050,Värmlands län,48,18,2011-02
1051,Värmlands län,49,18,2014-03
1052,Västernorrlands län,43,18,2010-12
1053,Västmanlands län,47,18,1996-11
1054,Västmanlands län,47,18,2001-03
1055,Västmanlands län,45,18,2010-11
1056,Västmanlands län,46,18,2011-10
1057,Västmanlands län,45,18,2012-01
1058,Västmanlands län,47,18,2014-11
1059,Västra Götalands län,269,18,2002-02
1060,Västra Götalands län,289,18,2009-01
1061,Västra Götalands län,284,18,2009-02
1062,Västra Götalands län,284,18,2010-01
1063,Västra Götalands län,288,18,2011-01
1064,Västra Götalands län,280,18,2011-03
1065,Örebro län,48,18,1999-02
1066,Örebro län,50,18,1999-03
1067,Örebro län,49,18,2000-02
1068,Örebro län,49,18,2000-03
1069,Örebro län,50,18,2001-01
1070,Örebro län,50,18,2003-10
1071,Östergötlands län,76,18,1999-01
1072,Östergötlands län,75,18,1999-11
1073,Östergötlands län,75,18,1999-12
1074,Östergötlands län,74,18,2000-03
1075,Östergötlands län,73,18,2000-12
1076,Blekinge län,28,19,2004-10
1077,Blekinge län,28,19,2004-11
1078,Dalarnas län,54,19,1999-11
1079,Gävleborgs län,54,19,2014-12
1080,Hallands län,52,19,1995-10
1081,Hallands län,52,19,1997-10
1082,Hallands län,52,19,1997-12
1083,Hallands län,52,19,1998-12
1084,Hallands län,52,19,1999-03
1085,Hallands län,53,19,2002-10
1086,Hallands län,53,19,2004-11
1087,Hallands län,55,19,2005-01
1088,Hallands län,53,19,2005-02
1089,Hallands län,57,19,2013-03
1090,Jämtlands län,24,19,2006-12
1091,Jönköpings län,63,19,1998-11
1092,Jönköpings län,64,19,2005-12
1093,Jönköpings län,63,19,2007-12
1094,Jönköpings län,64,19,2010-11
1095,Kalmar län,44,19,2007-12
1096,Kalmar län,45,19,2011-12
1097,Kalmar län,44,19,2012-03
1098,Kalmar län,44,19,2013-10
1099,Kronobergs län,34,19,2001-12
1100,Kronobergs län,33,19,2003-02
1101,Kronobergs län,34,19,2006-12
1102,Kronobergs län,36,19,2012-12
1103,Kronobergs län,35,19,2014-03
1104,Skåne län,215,19,1996-11
1105,Skåne län,215,19,2000-02
1106,Skåne län,219,19,2002-02
1107,Skåne län,219,19,2006-03
1108,Stockholms län,323,19,1995-02
1109,Stockholms län,336,19,1996-12
1110,Stockholms län,327,19,1997-11
1111,Stockholms län,358,19,2002-12
1112,Stockholms län,349,19,2005-02
1113,Stockholms län,371,19,2007-01
1114,Stockholms län,374,19,2008-03
1115,Södermanlands län,48,19,1996-03
1116,Södermanlands län,50,19,1998-01
1117,Södermanlands län,49,19,2001-12
1118,Södermanlands län,51,19,2006-10
1119,Uppsala län,55,19,1999-11
1120,Uppsala län,61,19,2009-11
1121,Värmlands län,51,19,2002-11
1122,Värmlands län,53,19,2005-12
1123,Värmlands län,52,19,2009-12
1124,Västernorrlands län,47,19,1998-12
1125,Västmanlands län,49,19,1997-02
1126,Västmanlands län,49,19,2004-10
1127,Västmanlands län,47,19,2007-12
1128,Västmanlands län,47,19,2008-11
1129,Västmanlands län,47,19,2009-11
1130,Västmanlands län,49,19,2012-11
1131,Västmanlands län,50,19,2013-02
1132,Västra Götalands län,278,19,1995-11
1133,Västra Götalands län,291,19,2003-03
1134,Västra Götalands län,289,19,2005-01
1135,Västra Götalands län,288,19,2005-10
1136,Västra Götalands län,299,19,2006-12
1137,Västra Götalands län,288,19,2007-11
1138,Västra Götalands län,291,19,2007-12
1139,Västra Götalands län,294,19,2011-02
1140,Västra Götalands län,309,19,2012-02
1141,Västra Götalands län,309,19,2012-10
1142,Västra Götalands län,303,19,2014-10
1143,Örebro län,53,19,2001-12
1144,Örebro län,51,19,2002-10
1145,Örebro län,53,19,2013-11
1146,Östergötlands län,77,19,2002-03
1147,Östergötlands län,78,19,2002-12
1148,Östergötlands län,78,19,2003-11
1149,Östergötlands län,81,19,2011-12
1150,Östergötlands län,80,19,2012-01
1151,Östergötlands län,83,19,2013-12
1152,Blekinge län,3,2,2012-02
1153,Gotlands län,1,2,1996-02
1154,Gotlands län,1,2,2000-01
1155,Gotlands län,1,2,2000-02
1156,Gotlands län,1,2,2001-12
1157,Gotlands län,1,2,2005-03
1158,Gotlands län,1,2,2005-10
1159,Gotlands län,1,2,2006-03
1160,Gotlands län,1,2,2006-10
1161,Gotlands län,1,2,2007-12
1162,Gotlands län,1,2,2008-10
1163,Gotlands län,1,2,2010-02
1164,Gotlands län,1,2,2011-02
1165,Gotlands län,1,2,2011-03
1166,Gotlands län,1,2,2012-01
1167,Gotlands län,1,2,2013-02
1168,Gotlands län,1,2,2014-10
1169,Gotlands län,1,2,2014-12
1170,Jämtlands län,3,2,1995-02
1171,Jämtlands län,3,2,1996-02
1172,Jämtlands län,3,2,1997-01
1173,Jämtlands län,3,2,1999-02
1174,Jämtlands län,3,2,1999-12
1175,Jämtlands län,2,2,2000-12
1176,Jämtlands län,2,2,2001-03
1177,Jämtlands län,2,2,2001-11
1178,Jämtlands län,2,2,2002-02
1179,Jämtlands län,3,2,2002-03
1180,Jämtlands län,3,2,2003-02
1181,Jämtlands län,2,2,2003-12
1182,Jämtlands län,2,2,2004-01
1183,Jämtlands län,3,2,2004-02
1184,Jämtlands län,3,2,2005-02
1185,Jämtlands län,3,2,2007-12
1186,Jämtlands län,3,2,2010-02
1187,Kronobergs län,4,2,1996-02
1188,Norrbottens län,6,2,1995-11
1189,Norrbottens län,4,2,1996-03
1190,Norrbottens län,4,2,1996-11
1191,Norrbottens län,6,2,1996-12
1192,Norrbottens län,5,2,1997-01
1193,Norrbottens län,5,2,1998-11
1194,Norrbottens län,4,2,2000-02
1195,Norrbottens län,5,2,2000-03
1196,Norrbottens län,5,2,2001-03
1197,Norrbottens län,6,2,2002-02
1198,Norrbottens län,5,2,2002-11
1199,Norrbottens län,4,2,2003-02
1200,Norrbottens län,6,2,2010-02
1201,Norrbottens län,6,2,2012-12
1202,Norrbottens län,6,2,2014-02
1203,Norrbottens län,4,2,2014-03
1204,Västerbottens län,4,2,1995-12
1205,Västerbottens län,4,2,1996-02
1206,Västerbottens län,5,2,1998-02
1207,Västerbottens län,5,2,2001-01
1208,Västerbottens län,6,2,2002-01
1209,Västerbottens län,6,2,2002-02
1210,Västerbottens län,4,2,2003-03
1211,Västerbottens län,4,2,2004-02
1212,Västerbottens län,4,2,2006-03
1213,Västerbottens län,6,2,2006-10
1214,Västerbottens län,6,2,2008-03
1215,Västerbottens län,5,2,2008-11
1216,Västerbottens län,5,2,2010-01
1217,Västerbottens län,4,2,2012-02
1218,Västerbottens län,5,2,2013-03
1219,Västernorrlands län,5,2,2012-02
1220,Västernorrlands län,5,2,2013-02
1221,Blekinge län,30,20,2004-01
1222,Blekinge län,30,20,2006-10
1223,Dalarnas län,55,20,2011-10
1224,Dalarnas län,54,20,2012-10
1225,Hallands län,53,20,1995-11
1226,Hallands län,54,20,1997-11
1227,Hallands län,55,20,1998-10
1228,Hallands län,55,20,1998-11
1229,Hallands län,54,20,1999-10
1230,Hallands län,54,20,2000-03
1231,Hallands län,57,20,2003-10
1232,Jönköpings län,66,20,1999-10
1233,Jönköpings län,65,20,1999-12
1234,Jönköpings län,67,20,2003-11
1235,Jönköpings län,66,20,2004-01
1236,Jönköpings län,67,20,2011-10
1237,Jönköpings län,69,20,2013-10
1238,Jönköpings län,67,20,2014-02
1239,Kalmar län,46,20,2004-11
1240,Kalmar län,47,20,2008-02
1241,Kalmar län,47,20,2010-12
1242,Skåne län,227,20,1995-10
1243,Skåne län,218,20,1996-01
1244,Skåne län,223,20,1997-01
1245,Skåne län,222,20,1997-03
1246,Skåne län,220,20,1997-12
1247,Stockholms län,369,20,2004-10
1248,Stockholms län,381,20,2005-01
1249,Stockholms län,377,20,2006-02
1250,Stockholms län,396,20,2008-02
1251,Stockholms län,419,20,2013-03
1252,Södermanlands län,52,20,1995-03
1253,Södermanlands län,51,20,1995-12
1254,Södermanlands län,52,20,2001-10
1255,Södermanlands län,52,20,2002-01
1256,Södermanlands län,52,20,2003-12
1257,Södermanlands län,52,20,2007-01
1258,Södermanlands län,57,20,2014-12
1259,Uppsala län,58,20,1996-12
1260,Uppsala län,58,20,1997-11
1261,Uppsala län,67,20,2009-10
1262,Värmlands län,55,20,2006-11
1263,Västmanlands län,53,20,1997-03
1264,Västmanlands län,50,20,2008-01
1265,Västmanlands län,49,20,2008-03
1266,Västra Götalands län,303,20,1995-03
1267,Västra Götalands län,303,20,2002-12
1268,Västra Götalands län,307,20,2003-02
1269,Västra Götalands län,302,20,2004-01
1270,Västra Götalands län,304,20,2008-10
1271,Västra Götalands län,311,20,2009-10
1272,Örebro län,56,20,1997-03
1273,Örebro län,55,20,1997-12
1274,Örebro län,55,20,2000-11
1275,Örebro län,57,20,2010-10
1276,Örebro län,58,20,2014-03
1277,Östergötlands län,83,20,1995-11
1278,Blekinge län,31,21,2004-12
1279,Dalarnas län,58,21,2005-10
1280,Hallands län,57,21,1996-12
1281,Hallands län,58,21,2003-01
1282,Hallands län,60,21,2006-10
1283,Hallands län,62,21,2007-02
1284,Hallands län,62,21,2007-10
1285,Hallands län,65,21,2012-10
1286,Jönköpings län,70,21,2012-11
1287,Kalmar län,50,21,1998-01
1288,Kalmar län,50,21,2013-11
1289,Kronobergs län,37,21,2002-02
1290,Kronobergs län,38,21,2002-11
1291,Kronobergs län,38,21,2010-03
1292,Kronobergs län,38,21,2010-10
1293,Kronobergs län,38,21,2011-01
1294,Kronobergs län,39,21,2013-10
1295,Kronobergs län,39,21,2014-12
1296,Skåne län,238,21,1995-11
1297,Skåne län,229,21,1996-10
1298,Skåne län,229,21,1997-10
1299,Skåne län,232,21,2000-03
1300,Skåne län,238,21,2002-01
1301,Skåne län,245,21,2002-10
1302,Skåne län,250,21,2007-03
1303,Skåne län,250,21,2008-03
1304,Stockholms län,360,21,1997-12
1305,Stockholms län,400,21,2004-02
1306,Stockholms län,400,21,2007-10
1307,Stockholms län,406,21,2008-10
1308,Stockholms län,436,21,2010-02
1309,Stockholms län,466,21,2014-02
1310,Södermanlands län,53,21,1997-03
1311,Södermanlands län,54,21,1998-10
1312,Södermanlands län,55,21,1998-12
1313,Södermanlands län,55,21,1999-12
1314,Värmlands län,57,21,2005-11
1315,Västernorrlands län,51,21,2000-12
1316,Västmanlands län,54,21,1995-03
1317,Västmanlands län,55,21,2001-01
1318,Västmanlands län,55,21,2001-11
1319,Västmanlands län,53,21,2010-10
1320,Västmanlands län,54,21,2013-10
1321,Västra Götalands län,315,21,1995-02
1322,Västra Götalands län,310,21,2002-11
1323,Västra Götalands län,311,21,2003-10
1324,Västra Götalands län,324,21,2008-12
1325,Västra Götalands län,327,21,2009-12
1326,Västra Götalands län,338,21,2012-01
1327,Västra Götalands län,339,21,2013-01
1328,Västra Götalands län,341,21,2013-03
1329,Västra Götalands län,349,21,2014-02
1330,Västra Götalands län,349,21,2014-12
1331,Örebro län,57,21,1998-12
1332,Örebro län,58,21,2002-11
1333,Östergötlands län,88,21,1996-02
1334,Östergötlands län,86,21,2003-01
1335,Östergötlands län,89,21,2003-02
1336,Östergötlands län,91,21,2009-11
1337,Blekinge län,34,22,2008-02
1338,Blekinge län,34,22,2010-10
1339,Dalarnas län,60,22,2005-11
1340,Hallands län,59,22,1995-01
1341,Hallands län,59,22,1996-03
1342,Hallands län,60,22,2001-02
1343,Hallands län,67,22,2010-01
1344,Hallands län,66,22,2012-03
1345,Hallands län,68,22,2014-01
1346,Hallands län,68,22,2014-10
1347,Jönköpings län,73,22,1998-10
1348,Jönköpings län,75,22,2013-11
1349,Kalmar län,51,22,2008-12
1350,Kalmar län,51,22,2013-12
1351,Kronobergs län,40,22,1997-10
1352,Kronobergs län,39,22,2000-02
1353,Kronobergs län,38,22,2001-01
1354,Kronobergs län,39,22,2003-12
1355,Kronobergs län,41,22,2009-01
1356,Kronobergs län,40,22,2010-12
1357,Kronobergs län,41,22,2011-03
1358,Kronobergs län,40,22,2011-10
1359,Kronobergs län,41,22,2013-11
1360,Skåne län,243,22,1995-12
1361,Skåne län,240,22,1997-11
1362,Skåne län,241,22,1998-11
1363,Skåne län,245,22,1998-12
1364,Skåne län,246,22,2001-11
1365,Stockholms län,381,22,1995-03
1366,Stockholms län,405,22,2004-01
1367,Stockholms län,463,22,2011-01
1368,Stockholms län,459,22,2011-03
1369,Stockholms län,469,22,2013-02
1370,Stockholms län,473,22,2013-10
1371,Uppsala län,64,22,2001-11
1372,Värmlands län,59,22,2002-10
1373,Värmlands län,60,22,2006-01
1374,Västra Götalands län,325,22,2002-01
1375,Västra Götalands län,337,22,2003-01
1376,Västra Götalands län,329,22,2003-11
1377,Västra Götalands län,336,22,2005-12
1378,Västra Götalands län,342,22,2009-11
1379,Västra Götalands län,339,22,2010-10
1380,Örebro län,60,22,1998-10
1381,Örebro län,61,22,2012-10
1382,Örebro län,62,22,2014-10
1383,Östergötlands län,91,22,1998-01
1384,Blekinge län,35,23,2009-10
1385,Blekinge län,35,23,2009-11
1386,Hallands län,62,23,1997-01
1387,Hallands län,62,23,1998-01
1388,Hallands län,63,23,2001-01
1389,Hallands län,64,23,2003-03
1390,Hallands län,66,23,2004-12
1391,Hallands län,67,23,2006-11
1392,Hallands län,68,23,2007-11
1393,Hallands län,67,23,2008-10
1394,Hallands län,68,23,2009-02
1395,Hallands län,68,23,2010-03
1396,Jönköpings län,76,23,2003-12
1397,Jönköpings län,78,23,2009-12
1398,Kronobergs län,42,23,2007-11
1399,Kronobergs län,43,23,2012-11
1400,Kronobergs län,42,23,2013-12
1401,Skåne län,254,23,1995-02
1402,Skåne län,259,23,2000-01
1403,Skåne län,262,23,2001-10
1404,Skåne län,260,23,2003-02
1405,Skåne län,274,23,2006-02
1406,Skåne län,282,23,2010-02
1407,Stockholms län,396,23,1995-01
1408,Stockholms län,424,23,2004-11
1409,Stockholms län,433,23,2004-12
1410,Stockholms län,440,23,2005-10
1411,Stockholms län,432,23,2006-01
1412,Stockholms län,449,23,2007-11
1413,Stockholms län,452,23,2009-02
1414,Stockholms län,463,23,2010-03
1415,Södermanlands län,64,23,2012-02
1416,Västmanlands län,59,23,2012-10
1417,Västmanlands län,58,23,2013-03
1418,Västra Götalands län,339,23,2002-10
1419,Västra Götalands län,363,23,2008-11
1420,Västra Götalands län,364,23,2012-12
1421,Västra Götalands län,376,23,2013-10
1422,Västra Götalands län,372,23,2013-12
1423,Örebro län,64,23,2009-10
1424,Örebro län,67,23,2014-12
1425,Östergötlands län,97,23,1998-10
1426,Blekinge län,37,24,2007-11
1427,Blekinge län,37,24,2011-11
1428,Gävleborgs län,69,24,1997-11
1429,Hallands län,67,24,2001-11
1430,Hallands län,68,24,2004-03
1431,Hallands län,68,24,2005-03
1432,Hallands län,68,24,2005-10
1433,Hallands län,72,24,2013-10
1434,Jönköpings län,78,24,1999-01
1435,Jönköpings län,80,24,2000-12
1436,Jönköpings län,80,24,2008-12
1437,Kalmar län,56,24,2009-12
1438,Kalmar län,56,24,2010-10
1439,Kronobergs län,43,24,2000-11
1440,Kronobergs län,42,24,2001-02
1441,Kronobergs län,45,24,2012-01
1442,Skåne län,263,24,1995-03
1443,Skåne län,273,24,2000-11
1444,Skåne län,273,24,2002-03
1445,Skåne län,271,24,2003-03
1446,Stockholms län,414,24,1995-11
1447,Stockholms län,447,24,2005-12
1448,Stockholms län,462,24,2008-11
1449,Stockholms län,479,24,2009-01
1450,Stockholms län,486,24,2009-03
1451,Stockholms län,481,24,2010-12
1452,Stockholms län,516,24,2014-10
1453,Värmlands län,65,24,2014-02
1454,Västmanlands län,62,24,2000-10
1455,Västra Götalands län,364,24,1995-10
1456,Västra Götalands län,364,24,2004-12
1457,Västra Götalands län,360,24,2005-11
1458,Västra Götalands län,383,24,2010-12
1459,Västra Götalands län,376,24,2011-10
1460,Östergötlands län,100,24,1995-10
1461,Östergötlands län,99,24,2000-11
1462,Blekinge län,37,25,2003-11
1463,Blekinge län,38,25,2009-12
1464,Hallands län,67,25,1999-12
1465,Hallands län,69,25,2000-01
1466,Hallands län,70,25,2002-02
1467,Hallands län,71,25,2004-02
1468,Hallands län,72,25,2008-02
1469,Hallands län,74,25,2009-03
1470,Hallands län,75,25,2013-02
1471,Hallands län,78,25,2014-03
1472,Kalmar län,58,25,2002-11
1473,Kronobergs län,46,25,2009-12
1474,Kronobergs län,46,25,2010-01
1475,Kronobergs län,46,25,2010-11
1476,Skåne län,274,25,1996-12
1477,Skåne län,280,25,1997-02
1478,Skåne län,275,25,1999-11
1479,Skåne län,287,25,2001-12
1480,Skåne län,291,25,2005-10
1481,Stockholms län,555,25,2014-01
1482,Södermanlands län,64,25,1996-01
1483,Södermanlands län,64,25,2003-11
1484,Värmlands län,67,25,2013-12
1485,Västernorrlands län,61,25,2014-11
1486,Västmanlands län,63,25,2000-11
1487,Västra Götalands län,379,25,2003-12
1488,Örebro län,71,25,2014-11
1489,Hallands län,71,26,2000-11
1490,Hallands län,72,26,2002-03
1491,Hallands län,71,26,2002-11
1492,Hallands län,78,26,2009-01
1493,Hallands län,77,26,2011-02
1494,Hallands län,78,26,2011-03
1495,Hallands län,79,26,2011-10
1496,Hallands län,79,26,2012-02
1497,Kronobergs län,46,26,2002-12
1498,Skåne län,321,26,2010-03
1499,Stockholms län,446,26,1995-12
1500,Stockholms län,478,26,2003-12
1501,Stockholms län,536,26,2010-10
1502,Stockholms län,560,26,2014-03
1503,Södermanlands län,66,26,2002-02
1504,Uppsala län,76,26,1998-10
1505,Västmanlands län,67,26,1999-11
1506,Västra Götalands län,410,26,2010-11
1507,Västra Götalands län,425,26,2013-11
1508,Hallands län,79,27,2007-01
1509,Hallands län,79,27,2009-10
1510,Hallands län,84,27,2014-02
1511,Kalmar län,64,27,2009-11
1512,Kronobergs län,50,27,2009-10
1513,Skåne län,309,27,2005-03
1514,Skåne län,332,27,2010-01
1515,Skåne län,346,27,2013-03
1516,Stockholms län,472,27,1995-10
1517,Stockholms län,554,27,2010-11
1518,Stockholms län,560,27,2012-10
1519,Stockholms län,579,27,2012-12
1520,Stockholms län,589,27,2013-11
1521,Örebro län,75,27,2000-10
1522,Örebro län,75,27,2012-12
1523,Hallands län,84,28,2011-01
1524,Hallands län,86,28,2012-11
1525,Jönköpings län,95,28,2009-11
1526,Kronobergs län,49,28,2000-10
1527,Kronobergs län,49,28,2004-03
1528,Kronobergs län,51,28,2007-10
1529,Kronobergs län,50,28,2008-01
1530,Skåne län,316,28,1999-12
1531,Skåne län,317,28,2000-10
1532,Skåne län,324,28,2003-12
1533,Skåne län,324,28,2006-01
1534,Skåne län,341,28,2010-12
1535,Stockholms län,559,28,2008-01
1536,Stockholms län,559,28,2008-12
1537,Stockholms län,596,28,2013-01
1538,Södermanlands län,72,28,1997-11
1539,Västmanlands län,72,28,2000-12
1540,Blekinge län,44,29,2008-12
1541,Blekinge län,44,29,2012-10
1542,Hallands län,80,29,2003-12
1543,Hallands län,84,29,2006-12
1544,Hallands län,85,29,2010-10
1545,Skåne län,331,29,2003-01
1546,Skåne län,337,29,2006-10
1547,Skåne län,351,29,2009-03
1548,Skåne län,364,29,2013-01
1549,Stockholms län,537,29,2005-11
1550,Stockholms län,589,29,2010-01
1551,Stockholms län,609,29,2011-11
1552,Stockholms län,639,29,2014-11
1553,Södermanlands län,74,29,2001-11
1554,Västra Götalands län,464,29,2014-11
1555,Örebro län,80,29,2000-12
1556,Blekinge län,5,3,2001-03
1557,Dalarnas län,9,3,2002-01
1558,Gotlands län,2,3,1996-03
1559,Gotlands län,2,3,1999-01
1560,Gotlands län,2,3,1999-03
1561,Gotlands län,2,3,2002-03
1562,Gotlands län,2,3,2003-02
1563,Gotlands län,2,3,2004-11
1564,Gotlands län,2,3,2005-02
1565,Gotlands län,2,3,2006-02
1566,Gotlands län,2,3,2010-10
1567,Gotlands län,2,3,2011-12
1568,Gotlands län,2,3,2012-12
1569,Gotlands län,2,3,2013-01
1570,Gotlands län,2,3,2013-03
1571,Gotlands län,2,3,2014-03
1572,Jämtlands län,4,3,1996-03
1573,Jämtlands län,4,3,1997-02
1574,Jämtlands län,4,3,1998-12
1575,Jämtlands län,4,3,2001-01
1576,Jämtlands län,4,3,2001-02
1577,Jämtlands län,4,3,2003-10
1578,Jämtlands län,4,3,2004-10
1579,Jämtlands län,4,3,2006-03
1580,Jämtlands län,4,3,2008-02
1581,Jämtlands län,4,3,2008-03
1582,Kalmar län,7,3,1996-02
1583,Kalmar län,7,3,1996-03
1584,Norrbottens län,8,3,1996-10
1585,Norrbottens län,7,3,1997-12
1586,Norrbottens län,8,3,1998-02
1587,Norrbottens län,8,3,1998-03
1588,Norrbottens län,7,3,1998-12
1589,Norrbottens län,7,3,2000-12
1590,Norrbottens län,8,3,2001-02
1591,Norrbottens län,7,3,2002-10
1592,Norrbottens län,8,3,2010-03
1593,Västerbottens län,8,3,1995-10
1594,Västerbottens län,9,3,1995-11
1595,Västerbottens län,9,3,1996-01
1596,Västerbottens län,8,3,1996-10
1597,Västerbottens län,9,3,1998-03
1598,Västerbottens län,9,3,1999-02
1599,Västerbottens län,8,3,2003-12
1600,Västerbottens län,9,3,2005-03
1601,Västerbottens län,8,3,2006-01
1602,Västerbottens län,7,3,2006-02
1603,Västerbottens län,8,3,2007-10
1604,Västerbottens län,9,3,2008-02
1605,Blekinge län,45,30,2007-12
1606,Hallands län,81,30,2000-12
1607,Kronobergs län,56,30,2014-11
1608,Skåne län,330,30,1995-01
1609,Skåne län,360,30,2007-10
1610,Skåne län,365,30,2008-02
1611,Stockholms län,560,30,2004-03
1612,Stockholms län,640,30,2012-11
1613,Värmlands län,82,30,2013-11
1614,Västra Götalands län,480,30,2012-11
1615,Örebro län,81,30,1999-11
1616,Hallands län,88,31,2005-11
1617,Hallands län,93,31,2012-01
1618,Jönköpings län,106,31,2011-11
1619,Kalmar län,73,31,2000-12
1620,Skåne län,361,31,2003-10
1621,Skåne län,351,31,2003-11
1622,Skåne län,358,31,2004-10
1623,Skåne län,362,31,2005-01
1624,Skåne län,364,31,2005-02
1625,Skåne län,389,31,2012-10
1626,Skåne län,389,31,2013-02
1627,Stockholms län,644,31,2011-12
1628,Stockholms län,657,31,2012-03
1629,Västmanlands län,78,31,2009-10
1630,Hallands län,94,32,2009-12
1631,Hallands län,99,32,2014-11
1632,Jönköpings län,107,32,2012-01
1633,Kronobergs län,58,32,2008-12
1634,Kronobergs län,59,32,2009-11
1635,Skåne län,367,32,2002-11
1636,Skåne län,365,32,2002-12
1637,Skåne län,375,32,2004-01
1638,Skåne län,365,32,2004-02
1639,Skåne län,368,32,2004-03
1640,Skåne län,393,32,2009-12
1641,Stockholms län,610,32,2007-12
1642,Stockholms län,644,32,2009-10
1643,Stockholms län,670,32,2012-01
1644,Stockholms län,668,32,2012-02
1645,Hallands län,103,33,2014-12
1646,Jönköpings län,109,33,2008-11
1647,Skåne län,414,33,2011-03
1648,Skåne län,411,33,2012-03
1649,Skåne län,427,33,2014-03
1650,Stockholms län,718,33,2013-12
1651,Södermanlands län,84,33,2000-12
1652,Västra Götalands län,520,33,2011-12
1653,Hallands län,92,34,2000-10
1654,Hallands län,93,34,2002-01
1655,Hallands län,93,34,2002-12
1656,Hallands län,98,34,2007-12
1657,Skåne län,397,34,2005-12
1658,Skåne län,401,34,2006-11
1659,Skåne län,423,34,2011-01
1660,Skåne län,433,34,2012-12
1661,Stockholms län,685,34,2009-11
1662,Stockholms län,740,34,2014-12
1663,Södermanlands län,87,34,1999-11
1664,Hallands län,103,35,2008-12
1665,Kronobergs län,65,35,2011-12
1666,Skåne län,423,35,2007-02
1667,Skåne län,429,35,2009-11
1668,Skåne län,435,35,2012-02
1669,Skåne län,446,35,2014-10
1670,Stockholms län,692,35,2009-12
1671,Södermanlands län,92,35,2007-10
1672,Hallands län,103,36,2005-12
1673,Hallands län,111,36,2013-12
1674,Skåne län,419,36,2005-11
1675,Skåne län,428,36,2007-01
1676,Skåne län,462,36,2013-10
1677,Stockholms län,736,36,2011-10
1678,Kronobergs län,67,37,2008-11
1679,Skåne län,430,37,2004-11
1680,Skåne län,424,37,2004-12
1681,Skåne län,458,37,2009-02
1682,Skåne län,478,37,2014-01
1683,Hallands län,106,38,2001-12
1684,Hallands län,115,38,2011-12
1685,Skåne län,464,38,2008-10
1686,Skåne län,461,38,2009-01
1687,Skåne län,480,38,2012-01
1688,Hallands län,116,39,2010-12
1689,Kronobergs län,72,39,2011-11
1690,Skåne län,485,39,2012-11
1691,Skåne län,497,39,2014-02
1692,Västra Götalands län,614,39,2011-11
1693,Blekinge län,6,4,1995-12
1694,Blekinge län,6,4,2001-10
1695,Blekinge län,6,4,2001-11
1696,Dalarnas län,11,4,2001-02
1697,Dalarnas län,11,4,2010-03
1698,Gotlands län,2,4,2008-11
1699,Gotlands län,2,4,2009-02
1700,Gotlands län,2,4,2009-12
1701,Gävleborgs län,13,4,1995-12
1702,Gävleborgs län,12,4,2001-02
1703,Gävleborgs län,12,4,2002-03
1704,Gävleborgs län,12,4,2007-02
1705,Gävleborgs län,11,4,2008-10
1706,Jämtlands län,5,4,1997-03
1707,Jämtlands län,6,4,1997-12
1708,Jämtlands län,5,4,1998-01
1709,Jämtlands län,5,4,1998-11
1710,Jämtlands län,5,4,2000-01
1711,Jämtlands län,5,4,2001-10
1712,Jämtlands län,5,4,2002-10
1713,Jämtlands län,5,4,2002-12
1714,Jämtlands län,5,4,2003-01
1715,Jämtlands län,5,4,2003-11
1716,Jämtlands län,5,4,2006-11
1717,Jämtlands län,5,4,2007-11
1718,Jämtlands län,5,4,2010-03
1719,Jämtlands län,5,4,2012-01
1720,Jämtlands län,5,4,2012-12
1721,Jönköpings län,13,4,2006-02
1722,Kalmar län,9,4,1995-11
1723,Kalmar län,9,4,1995-12
1724,Kalmar län,9,4,1999-01
1725,Kalmar län,10,4,2006-03
1726,Kronobergs län,7,4,2005-12
1727,Kronobergs län,7,4,2006-02
1728,Norrbottens län,12,4,1995-01
1729,Norrbottens län,10,4,1995-02
1730,Norrbottens län,11,4,1996-01
1731,Norrbottens län,10,4,1997-03
1732,Norrbottens län,10,4,1998-01
1733,Norrbottens län,10,4,2000-10
1734,Norrbottens län,9,4,2001-01
1735,Norrbottens län,9,4,2001-11
1736,Norrbottens län,11,4,2001-12
1737,Norrbottens län,10,4,2002-03
1738,Norrbottens län,9,4,2002-12
1739,Norrbottens län,9,4,2003-03
1740,Norrbottens län,11,4,2003-11
1741,Norrbottens län,9,4,2003-12
1742,Norrbottens län,11,4,2006-03
1743,Norrbottens län,9,4,2007-01
1744,Norrbottens län,11,4,2007-10
1745,Norrbottens län,10,4,2007-12
1746,Norrbottens län,9,4,2009-03
1747,Norrbottens län,11,4,2010-01
1748,Norrbottens län,10,4,2011-02
1749,Norrbottens län,11,4,2012-11
1750,Norrbottens län,11,4,2013-12
1751,Uppsala län,11,4,2006-02
1752,Värmlands län,11,4,2007-02
1753,Västerbottens län,10,4,1995-01
1754,Västerbottens län,10,4,1995-03
1755,Västerbottens län,10,4,1996-03
1756,Västerbottens län,10,4,1996-12
1757,Västerbottens län,11,4,1997-01
1758,Västerbottens län,10,4,1997-03
1759,Västerbottens län,11,4,1997-12
1760,Västerbottens län,11,4,1998-10
1761,Västerbottens län,11,4,1998-12
1762,Västerbottens län,11,4,1999-10
1763,Västerbottens län,11,4,1999-11
1764,Västerbottens län,11,4,2000-02
1765,Västerbottens län,11,4,2000-03
1766,Västerbottens län,10,4,2001-11
1767,Västerbottens län,9,4,2003-02
1768,Västerbottens län,10,4,2004-03
1769,Västerbottens län,11,4,2004-10
1770,Västerbottens län,10,4,2006-11
1771,Västerbottens län,11,4,2007-02
1772,Västerbottens län,11,4,2007-11
1773,Västerbottens län,10,4,2009-03
1774,Västerbottens län,10,4,2010-02
1775,Västerbottens län,10,4,2011-02
1776,Västerbottens län,10,4,2012-03
1777,Västerbottens län,10,4,2012-11
1778,Västerbottens län,11,4,2014-02
1779,Västernorrlands län,11,4,1996-03
1780,Västernorrlands län,9,4,2010-02
1781,Västernorrlands län,10,4,2011-02
1782,Hallands län,116,40,2008-11
1783,Hallands län,123,40,2013-11
1784,Skåne län,495,40,2011-02
1785,Blekinge län,62,41,2008-11
1786,Skåne län,483,41,2007-12
1787,Skåne län,494,41,2008-12
1788,Skåne län,506,41,2010-10
1789,Örebro län,116,41,2012-11
1790,Skåne län,509,42,2008-01
1791,Jönköpings län,145,43,2011-12
1792,Skåne län,523,43,2009-10
1793,Skåne län,538,43,2010-11
1794,Skåne län,534,43,2011-10
1795,Skåne län,545,43,2014-11
1796,Skåne län,517,44,2006-12
1797,Skåne län,560,44,2014-12
1798,Hallands län,144,48,2010-11
1799,Skåne län,605,48,2011-11
1800,Hallands län,144,49,2009-11
1801,Blekinge län,8,5,1995-02
1802,Blekinge län,8,5,1999-12
1803,Blekinge län,7,5,2001-02
1804,Blekinge län,8,5,2006-02
1805,Dalarnas län,14,5,2002-02
1806,Dalarnas län,15,5,2003-02
1807,Dalarnas län,15,5,2006-02
1808,Dalarnas län,13,5,2010-02
1809,Gotlands län,3,5,1995-10
1810,Gotlands län,3,5,1995-12
1811,Gotlands län,3,5,1996-01
1812,Gotlands län,3,5,1997-01
1813,Gotlands län,3,5,1998-02
1814,Gotlands län,3,5,1998-03
1815,Gotlands län,3,5,1999-02
1816,Gotlands län,3,5,1999-12
1817,Gotlands län,3,5,2000-10
1818,Gotlands län,3,5,2000-12
1819,Gotlands län,3,5,2001-01
1820,Gotlands län,3,5,2001-02
1821,Gotlands län,3,5,2001-03
1822,Gotlands län,3,5,2001-10
1823,Gotlands län,3,5,2001-11
1824,Gotlands län,3,5,2002-02
1825,Gotlands län,3,5,2002-12
1826,Gotlands län,3,5,2005-12
1827,Gotlands län,3,5,2007-01
1828,Gotlands län,3,5,2007-03
1829,Gotlands län,3,5,2009-11
1830,Gotlands län,3,5,2010-01
1831,Gotlands län,3,5,2010-03
1832,Gotlands län,3,5,2011-01
1833,Gotlands län,3,5,2012-11
1834,Gotlands län,3,5,2013-10
1835,Gotlands län,3,5,2013-11
1836,Gotlands län,3,5,2014-01
1837,Gotlands län,3,5,2014-11
1838,Gävleborgs län,13,5,2007-01
1839,Gävleborgs län,14,5,2008-12
1840,Gävleborgs län,14,5,2009-02
1841,Gävleborgs län,13,5,2009-03
1842,Gävleborgs län,15,5,2010-12
1843,Jämtlands län,7,5,1996-11
1844,Jämtlands län,7,5,1998-02
1845,Jämtlands län,7,5,1998-03
1846,Jämtlands län,6,5,1999-03
1847,Jämtlands län,6,5,2000-03
1848,Jämtlands län,7,5,2001-12
1849,Jämtlands län,6,5,2002-01
1850,Jämtlands län,7,5,2003-03
1851,Jämtlands län,6,5,2005-10
1852,Jämtlands län,6,5,2005-11
1853,Jämtlands län,6,5,2007-03
1854,Jämtlands län,6,5,2007-10
1855,Jämtlands län,6,5,2008-01
1856,Jämtlands län,6,5,2008-11
1857,Jämtlands län,6,5,2009-03
1858,Jämtlands län,6,5,2012-03
1859,Jämtlands län,6,5,2012-11
1860,Jämtlands län,6,5,2013-02
1861,Jämtlands län,6,5,2013-03
1862,Jämtlands län,6,5,2013-11
1863,Jönköpings län,18,5,2007-01
1864,Jönköpings län,18,5,2007-03
1865,Kalmar län,12,5,1995-01
1866,Kalmar län,12,5,1996-01
1867,Kalmar län,11,5,1996-10
1868,Kalmar län,13,5,1997-01
1869,Kalmar län,13,5,1998-03
1870,Kalmar län,11,5,2007-02
1871,Norrbottens län,12,5,1996-02
1872,Norrbottens län,14,5,1997-02
1873,Norrbottens län,14,5,1997-10
1874,Norrbottens län,12,5,1997-11
1875,Norrbottens län,14,5,1998-10
1876,Norrbottens län,14,5,1999-11
1877,Norrbottens län,12,5,2000-11
1878,Norrbottens län,12,5,2005-03
1879,Norrbottens län,13,5,2005-12
1880,Norrbottens län,13,5,2006-01
1881,Norrbottens län,13,5,2008-01
1882,Norrbottens län,12,5,2008-03
1883,Norrbottens län,12,5,2008-10
1884,Norrbottens län,12,5,2009-02
1885,Norrbottens län,12,5,2013-11
1886,Norrbottens län,13,5,2014-01
1887,Södermanlands län,13,5,2006-01
1888,Södermanlands län,13,5,2006-03
1889,Uppsala län,15,5,2004-10
1890,Värmlands län,15,5,2000-03
1891,Värmlands län,14,5,2012-03
1892,Västerbottens län,13,5,1995-02
1893,Västerbottens län,12,5,1997-02
1894,Västerbottens län,14,5,1997-10
1895,Västerbottens län,12,5,1997-11
1896,Västerbottens län,13,5,1999-03
1897,Västerbottens län,12,5,1999-12
1898,Västerbottens län,13,5,2000-12
1899,Västerbottens län,14,5,2001-10
1900,Västerbottens län,14,5,2002-10
1901,Västerbottens län,14,5,2002-11
1902,Västerbottens län,12,5,2003-10
1903,Västerbottens län,14,5,2005-10
1904,Västerbottens län,14,5,2007-01
1905,Västerbottens län,13,5,2010-03
1906,Västerbottens län,14,5,2011-03
1907,Västerbottens län,14,5,2011-12
1908,Västernorrlands län,14,5,1995-03
1909,Västernorrlands län,12,5,1999-12
1910,Västernorrlands län,13,5,2002-02
1911,Västernorrlands län,12,5,2005-02
1912,Västernorrlands län,11,5,2008-12
1913,Västernorrlands län,12,5,2009-03
1914,Västernorrlands län,11,5,2009-12
1915,Västernorrlands län,12,5,2010-01
1916,Västernorrlands län,13,5,2012-03
1917,Västernorrlands län,11,5,2013-03
1918,Västmanlands län,12,5,1999-02
1919,Västmanlands län,13,5,2004-03
1920,Västmanlands län,13,5,2005-03
1921,Östergötlands län,23,5,2009-03
1922,Skåne län,632,50,2013-12
1923,Skåne län,612,51,2007-11
1924,Hallands län,156,52,2011-11
1925,Skåne län,676,53,2013-11
1926,Skåne län,673,54,2011-12
1927,Skåne län,692,57,2008-11
1928,Blekinge län,9,6,1996-01
1929,Blekinge län,9,6,1997-03
1930,Blekinge län,9,6,2000-12
1931,Blekinge län,9,6,2006-03
1932,Blekinge län,9,6,2013-02
1933,Dalarnas län,17,6,1995-01
1934,Dalarnas län,17,6,1995-11
1935,Dalarnas län,17,6,1995-12
1936,Dalarnas län,18,6,1996-12
1937,Dalarnas län,17,6,1998-01
1938,Dalarnas län,17,6,2007-02
1939,Dalarnas län,16,6,2007-11
1940,Dalarnas län,16,6,2008-02
1941,Dalarnas län,17,6,2008-03
1942,Gävleborgs län,18,6,1999-02
1943,Gävleborgs län,18,6,2000-01
1944,Gävleborgs län,17,6,2002-01
1945,Gävleborgs län,17,6,2006-11
1946,Jämtlands län,8,6,1995-10
1947,Jämtlands län,8,6,2000-02
1948,Jämtlands län,8,6,2004-03
1949,Jämtlands län,8,6,2005-01
1950,Jämtlands län,7,6,2006-02
1951,Jämtlands län,8,6,2007-01
1952,Jämtlands län,7,6,2007-02
1953,Jämtlands län,8,6,2009-02
1954,Jämtlands län,7,6,2009-12
1955,Jämtlands län,7,6,2011-02
1956,Jämtlands län,7,6,2012-02
1957,Jämtlands län,8,6,2013-01
1958,Jämtlands län,8,6,2013-10
1959,Jämtlands län,7,6,2013-12
1960,Jämtlands län,8,6,2014-01
1961,Jämtlands län,8,6,2014-03
1962,Jämtlands län,8,6,2014-10
1963,Jönköpings län,19,6,1996-01
1964,Jönköpings län,19,6,1997-02
1965,Jönköpings län,20,6,1999-03
1966,Jönköpings län,20,6,2005-03
1967,Kalmar län,14,6,1995-03
1968,Kalmar län,15,6,1995-10
1969,Kalmar län,14,6,1996-12
1970,Kalmar län,15,6,2006-01
1971,Kalmar län,15,6,2006-02
1972,Kalmar län,15,6,2006-10
1973,Kalmar län,15,6,2007-01
1974,Kronobergs län,11,6,2006-03
1975,Norrbottens län,16,6,1995-10
1976,Norrbottens län,15,6,1999-03
1977,Norrbottens län,15,6,1999-12
1978,Norrbottens län,16,6,2005-01
1979,Norrbottens län,14,6,2005-02
1980,Norrbottens län,14,6,2006-02
1981,Norrbottens län,15,6,2006-10
1982,Norrbottens län,16,6,2006-11
1983,Norrbottens län,14,6,2007-03
1984,Norrbottens län,16,6,2007-11
1985,Norrbottens län,16,6,2008-11
1986,Norrbottens län,14,6,2008-12
1987,Norrbottens län,16,6,2010-10
1988,Norrbottens län,14,6,2010-12
1989,Norrbottens län,16,6,2011-03
1990,Norrbottens län,15,6,2011-12
1991,Norrbottens län,15,6,2012-02
1992,Södermanlands län,15,6,2002-12
1993,Södermanlands län,15,6,2005-03
1994,Uppsala län,17,6,2004-02
1995,Uppsala län,19,6,2007-03
1996,Uppsala län,19,6,2009-01
1997,Uppsala län,19,6,2010-03
1998,Uppsala län,21,6,2011-02
1999,Värmlands län,16,6,2001-03
2000,Värmlands län,17,6,2013-02
2001,Västerbottens län,15,6,1996-11
2002,Västerbottens län,15,6,2002-03
2003,Västerbottens län,16,6,2002-12
2004,Västerbottens län,15,6,2003-01
2005,Västerbottens län,15,6,2004-01
2006,Västerbottens län,15,6,2004-12
2007,Västerbottens län,16,6,2005-02
2008,Västerbottens län,16,6,2005-12
2009,Västerbottens län,16,6,2007-03
2010,Västerbottens län,16,6,2008-01
2011,Västerbottens län,15,6,2009-01
2012,Västerbottens län,16,6,2010-10
2013,Västerbottens län,16,6,2011-01
2014,Västerbottens län,16,6,2012-12
2015,Västerbottens län,15,6,2013-10
2016,Västernorrlands län,16,6,1997-02
2017,Västernorrlands län,15,6,1998-01
2018,Västernorrlands län,15,6,2001-02
2019,Västernorrlands län,15,6,2002-01
2020,Västernorrlands län,14,6,2006-12
2021,Västernorrlands län,15,6,2011-03
2022,Västernorrlands län,14,6,2012-12
2023,Västmanlands län,16,6,1998-02
2024,Västmanlands län,16,6,2006-02
2025,Västmanlands län,17,6,2006-12
2026,Västmanlands län,14,6,2007-02
2027,Västmanlands län,14,6,2007-03
2028,Västra Götalands län,96,6,2001-03
2029,Örebro län,16,6,2008-02
2030,Örebro län,17,6,2008-12
2031,Örebro län,16,6,2011-02
2032,Östergötlands län,26,6,2009-01
2033,Blekinge län,10,7,1996-11
2034,Blekinge län,10,7,1997-02
2035,Blekinge län,11,7,2000-02
2036,Blekinge län,11,7,2002-01
2037,Blekinge län,11,7,2002-03
2038,Blekinge län,10,7,2005-03
2039,Blekinge län,10,7,2006-01
2040,Blekinge län,11,7,2014-03
2041,Dalarnas län,20,7,1995-02
2042,Dalarnas län,19,7,1996-11
2043,Dalarnas län,21,7,1997-12
2044,Dalarnas län,21,7,1998-03
2045,Dalarnas län,19,7,1999-03
2046,Dalarnas län,18,7,2004-01
2047,Dalarnas län,20,7,2005-01
2048,Dalarnas län,20,7,2006-03
2049,Dalarnas län,18,7,2007-03
2050,Dalarnas län,18,7,2011-12
2051,Dalarnas län,20,7,2013-01
2052,Dalarnas län,19,7,2013-03
2053,Gotlands län,4,7,1996-11
2054,Gotlands län,4,7,1997-02
2055,Gotlands län,4,7,1998-01
2056,Gotlands län,4,7,2000-03
2057,Gotlands län,4,7,2003-03
2058,Gotlands län,4,7,2004-12
2059,Gotlands län,4,7,2006-11
2060,Gotlands län,4,7,2007-02
2061,Gotlands län,4,7,2008-01
2062,Gotlands län,4,7,2008-02
2063,Gotlands län,4,7,2008-03
2064,Gotlands län,4,7,2008-12
2065,Gotlands län,4,7,2009-03
2066,Gotlands län,4,7,2010-11
2067,Gävleborgs län,19,7,1995-01
2068,Gävleborgs län,21,7,1995-02
2069,Gävleborgs län,19,7,1997-03
2070,Gävleborgs län,20,7,1997-12
2071,Gävleborgs län,21,7,1998-02
2072,Gävleborgs län,20,7,1998-03
2073,Gävleborgs län,19,7,1999-01
2074,Gävleborgs län,19,7,1999-03
2075,Gävleborgs län,19,7,1999-10
2076,Gävleborgs län,18,7,2005-01
2077,Gävleborgs län,19,7,2010-01
2078,Gävleborgs län,18,7,2010-02
2079,Gävleborgs län,19,7,2011-01
2080,Gävleborgs län,20,7,2011-02
2081,Gävleborgs län,20,7,2012-01
2082,Gävleborgs län,19,7,2013-02
2083,Jämtlands län,10,7,1995-12
2084,Jämtlands län,10,7,1996-10
2085,Jämtlands län,10,7,1997-10
2086,Jämtlands län,9,7,1997-11
2087,Jämtlands län,9,7,1998-10
2088,Jämtlands län,9,7,2000-10
2089,Jämtlands län,9,7,2004-11
2090,Jämtlands län,9,7,2004-12
2091,Jämtlands län,9,7,2005-03
2092,Jämtlands län,9,7,2014-02
2093,Jönköpings län,23,7,1995-01
2094,Jönköpings län,23,7,1996-03
2095,Jönköpings län,23,7,2000-03
2096,Jönköpings län,23,7,2001-03
2097,Jönköpings län,24,7,2005-10
2098,Jönköpings län,23,7,2006-10
2099,Jönköpings län,24,7,2006-12
2100,Jönköpings län,24,7,2007-02
2101,Jönköpings län,25,7,2008-03
2102,Jönköpings län,23,7,2010-02
2103,Jönköpings län,24,7,2010-12
2104,Kalmar län,17,7,1998-02
2105,Kalmar län,17,7,1998-11
2106,Kalmar län,17,7,1999-02
2107,Kalmar län,17,7,1999-03
2108,Kalmar län,17,7,2001-11
2109,Kalmar län,17,7,2005-11
2110,Kalmar län,17,7,2011-02
2111,Kalmar län,16,7,2013-01
2112,Kalmar län,16,7,2013-03
2113,Kronobergs län,13,7,2005-11
2114,Norrbottens län,18,7,1995-03
2115,Norrbottens län,19,7,1999-01
2116,Norrbottens län,17,7,2000-01
2117,Norrbottens län,17,7,2001-10
2118,Norrbottens län,17,7,2004-11
2119,Norrbottens län,17,7,2007-02
2120,Norrbottens län,18,7,2009-12
2121,Norrbottens län,17,7,2012-03
2122,Norrbottens län,17,7,2013-02
2123,Norrbottens län,17,7,2013-03
2124,Stockholms län,132,7,2000-02
2125,Södermanlands län,18,7,1999-10
2126,Södermanlands län,19,7,2000-02
2127,Södermanlands län,19,7,2000-03
2128,Södermanlands län,19,7,2001-03
2129,Uppsala län,21,7,2001-02
2130,Uppsala län,20,7,2002-10
2131,Uppsala län,20,7,2006-03
2132,Uppsala län,22,7,2007-02
2133,Uppsala län,24,7,2010-02
2134,Värmlands län,21,7,1996-01
2135,Värmlands län,20,7,1996-11
2136,Värmlands län,19,7,1997-02
2137,Värmlands län,21,7,1997-03
2138,Värmlands län,19,7,2006-03
2139,Värmlands län,19,7,2007-03
2140,Värmlands län,18,7,2008-03
2141,Värmlands län,19,7,2009-02
2142,Värmlands län,19,7,2010-02
2143,Värmlands län,20,7,2010-03
2144,Värmlands län,18,7,2011-12
2145,Västerbottens län,18,7,1998-11
2146,Västerbottens län,18,7,1999-01
2147,Västerbottens län,18,7,2000-01
2148,Västerbottens län,18,7,2001-03
2149,Västerbottens län,17,7,2005-11
2150,Västerbottens län,17,7,2007-12
2151,Västerbottens län,19,7,2009-02
2152,Västerbottens län,18,7,2010-11
2153,Västerbottens län,17,7,2013-02
2154,Västerbottens län,19,7,2013-12
2155,Västerbottens län,19,7,2014-03
2156,Västernorrlands län,18,7,1996-12
2157,Västernorrlands län,19,7,1997-01
2158,Västernorrlands län,19,7,1997-03
2159,Västernorrlands län,17,7,1997-11
2160,Västernorrlands län,19,7,1997-12
2161,Västernorrlands län,18,7,2000-01
2162,Västernorrlands län,18,7,2002-03
2163,Västernorrlands län,16,7,2003-02
2164,Västernorrlands län,18,7,2005-03
2165,Västernorrlands län,18,7,2005-12
2166,Västernorrlands län,18,7,2006-02
2167,Västernorrlands län,18,7,2007-10
2168,Västernorrlands län,16,7,2008-11
2169,Västernorrlands län,16,7,2012-01
2170,Västernorrlands län,17,7,2013-01
2171,Västernorrlands län,16,7,2014-01
2172,Västmanlands län,19,7,1995-11
2173,Västmanlands län,19,7,2011-02
2174,Västra Götalands län,112,7,1996-02
2175,Västra Götalands län,111,7,1996-03
2176,Västra Götalands län,111,7,1998-03
2177,Västra Götalands län,109,7,1998-12
2178,Örebro län,19,7,2001-03
2179,Örebro län,20,7,2004-01
2180,Örebro län,19,7,2004-02
2181,Östergötlands län,29,7,2005-03
2182,Östergötlands län,31,7,2005-12
2183,Östergötlands län,29,7,2006-02
2184,Östergötlands län,29,7,2007-02
2185,Östergötlands län,28,7,2008-11
2186,Östergötlands län,29,7,2010-02
2187,Östergötlands län,32,7,2011-02
2188,Östergötlands län,32,7,2011-03
2189,Östergötlands län,28,7,2011-10
2190,Östergötlands län,32,7,2012-10
2191,Östergötlands län,29,7,2013-02
2192,Blekinge län,12,8,1996-12
2193,Blekinge län,12,8,1997-11
2194,Blekinge län,12,8,2010-02
2195,Blekinge län,12,8,2013-03
2196,Dalarnas län,22,8,1996-10
2197,Dalarnas län,22,8,1997-02
2198,Dalarnas län,23,8,1998-02
2199,Dalarnas län,22,8,1998-10
2200,Dalarnas län,23,8,1999-02
2201,Dalarnas län,23,8,2001-03
2202,Dalarnas län,22,8,2002-03
2203,Dalarnas län,22,8,2002-12
2204,Dalarnas län,22,8,2005-02
2205,Dalarnas län,21,8,2006-11
2206,Dalarnas län,21,8,2007-12
2207,Dalarnas län,21,8,2009-11
2208,Dalarnas län,23,8,2013-11
2209,Dalarnas län,21,8,2014-11
2210,Gävleborgs län,23,8,1997-01
2211,Gävleborgs län,22,8,1997-02
2212,Gävleborgs län,24,8,1997-10
2213,Gävleborgs län,21,8,2001-01
2214,Gävleborgs län,21,8,2001-10
2215,Gävleborgs län,22,8,2003-10
2216,Gävleborgs län,21,8,2004-01
2217,Gävleborgs län,22,8,2005-02
2218,Gävleborgs län,22,8,2006-01
2219,Gävleborgs län,22,8,2006-12
2220,Gävleborgs län,21,8,2007-03
2221,Gävleborgs län,21,8,2007-11
2222,Gävleborgs län,22,8,2011-03
2223,Gävleborgs län,23,8,2012-03
2224,Gävleborgs län,22,8,2013-01
2225,Jämtlands län,11,8,1999-11
2226,Jämtlands län,10,8,2006-10
2227,Jämtlands län,10,8,2011-11
2228,Jönköpings län,24,8,1995-03
2229,Jönköpings län,25,8,1996-02
2230,Jönköpings län,26,8,1996-12
2231,Jönköpings län,25,8,1997-03
2232,Jönköpings län,26,8,2001-11
2233,Jönköpings län,28,8,2010-01
2234,Kalmar län,20,8,1996-11
2235,Kalmar län,20,8,1997-02
2236,Kalmar län,20,8,1997-03
2237,Kalmar län,20,8,1997-11
2238,Kalmar län,18,8,2001-01
2239,Kalmar län,19,8,2001-03
2240,Kalmar län,19,8,2004-03
2241,Kalmar län,19,8,2005-03
2242,Kronobergs län,15,8,1995-01
2243,Kronobergs län,15,8,1995-03
2244,Kronobergs län,15,8,1995-12
2245,Kronobergs län,14,8,1996-01
2246,Kronobergs län,15,8,1996-03
2247,Kronobergs län,14,8,1998-02
2248,Kronobergs län,15,8,1998-03
2249,Kronobergs län,14,8,1998-12
2250,Kronobergs län,15,8,2001-03
2251,Kronobergs län,14,8,2006-10
2252,Kronobergs län,14,8,2013-03
2253,Norrbottens län,20,8,2002-01
2254,Norrbottens län,20,8,2003-10
2255,Norrbottens län,19,8,2004-01
2256,Norrbottens län,21,8,2004-12
2257,Norrbottens län,19,8,2006-12
2258,Norrbottens län,21,8,2008-02
2259,Norrbottens län,19,8,2009-01
2260,Norrbottens län,20,8,2012-10
2261,Stockholms län,145,8,2000-03
2262,Stockholms län,145,8,2001-02
2263,Stockholms län,153,8,2001-03
2264,Södermanlands län,22,8,2003-03
2265,Södermanlands län,20,8,2004-02
2266,Södermanlands län,20,8,2005-02
2267,Södermanlands län,20,8,2006-02
2268,Uppsala län,25,8,2001-03
2269,Uppsala län,25,8,2002-11
2270,Uppsala län,25,8,2003-02
2271,Uppsala län,23,8,2003-03
2272,Uppsala län,23,8,2005-10
2273,Uppsala län,23,8,2006-11
2274,Uppsala län,25,8,2008-10
2275,Uppsala län,26,8,2008-11
2276,Uppsala län,26,8,2010-01
2277,Uppsala län,27,8,2011-01
2278,Uppsala län,27,8,2011-12
2279,Uppsala län,26,8,2013-03
2280,Uppsala län,29,8,2014-03
2281,Uppsala län,28,8,2014-11
2282,Värmlands län,23,8,1995-03
2283,Värmlands län,24,8,1995-12
2284,Värmlands län,23,8,1996-12
2285,Värmlands län,23,8,1997-01
2286,Värmlands län,22,8,1998-01
2287,Värmlands län,22,8,1998-02
2288,Värmlands län,23,8,2001-01
2289,Värmlands län,23,8,2002-03
2290,Värmlands län,21,8,2004-03
2291,Värmlands län,21,8,2006-10
2292,Värmlands län,22,8,2009-03
2293,Värmlands län,23,8,2012-01
2294,Västerbottens län,20,8,2000-10
2295,Västerbottens län,20,8,2001-12
2296,Västerbottens län,20,8,2005-01
2297,Västerbottens län,20,8,2008-10
2298,Västerbottens län,20,8,2008-12
2299,Västerbottens län,20,8,2009-10
2300,Västerbottens län,20,8,2009-12
2301,Västerbottens län,20,8,2014-01
2302,Västernorrlands län,21,8,1995-01
2303,Västernorrlands län,20,8,1995-02
2304,Västernorrlands län,21,8,1996-02
2305,Västernorrlands län,19,8,1998-03
2306,Västernorrlands län,21,8,1999-02
2307,Västernorrlands län,19,8,1999-03
2308,Västernorrlands län,19,8,2000-02
2309,Västernorrlands län,21,8,2000-03
2310,Västernorrlands län,19,8,2001-12
2311,Västernorrlands län,19,8,2003-01
2312,Västernorrlands län,20,8,2004-03
2313,Västernorrlands län,20,8,2005-01
2314,Västernorrlands län,19,8,2006-01
2315,Västernorrlands län,20,8,2006-11
2316,Västernorrlands län,19,8,2007-01
2317,Västernorrlands län,19,8,2007-03
2318,Västernorrlands län,20,8,2008-02
2319,Västernorrlands län,19,8,2010-03
2320,Västmanlands län,21,8,2003-02
2321,Västmanlands län,22,8,2005-02
2322,Västmanlands län,20,8,2006-03
2323,Västra Götalands län,127,8,1996-01
2324,Västra Götalands län,117,8,1996-10
2325,Västra Götalands län,118,8,1997-03
2326,Västra Götalands län,122,8,1997-10
2327,Västra Götalands län,112,8,1998-02
2328,Västra Götalands län,117,8,1999-03
2329,Västra Götalands län,119,8,2000-03
2330,Västra Götalands län,118,8,2001-02
2331,Örebro län,21,8,2001-11
2332,Örebro län,22,8,2003-02
2333,Örebro län,23,8,2003-03
2334,Örebro län,22,8,2003-12
2335,Örebro län,21,8,2006-02
2336,Örebro län,22,8,2007-03
2337,Örebro län,24,8,2013-02
2338,Östergötlands län,34,8,1997-03
2339,Östergötlands län,34,8,2004-12
2340,Östergötlands län,32,8,2005-02
2341,Östergötlands län,33,8,2006-01
2342,Östergötlands län,32,8,2007-01
2343,Östergötlands län,35,8,2007-12
2344,Östergötlands län,35,8,2008-01
2345,Östergötlands län,34,8,2009-02
2346,Östergötlands län,35,8,2013-01
2347,Östergötlands län,35,8,2014-01
2348,Blekinge län,14,9,1995-11
2349,Blekinge län,14,9,1996-02
2350,Blekinge län,14,9,1996-03
2351,Blekinge län,13,9,1999-03
2352,Blekinge län,13,9,1999-11
2353,Blekinge län,14,9,2002-02
2354,Blekinge län,14,9,2002-10
2355,Blekinge län,13,9,2003-02
2356,Blekinge län,13,9,2004-02
2357,Blekinge län,14,9,2008-10
2358,Blekinge län,14,9,2011-01
2359,Dalarnas län,25,9,1995-03
2360,Dalarnas län,26,9,1997-01
2361,Dalarnas län,26,9,1997-03
2362,Dalarnas län,27,9,1997-11
2363,Dalarnas län,25,9,1998-11
2364,Dalarnas län,24,9,1999-01
2365,Dalarnas län,24,9,1999-10
2366,Dalarnas län,26,9,2000-02
2367,Dalarnas län,25,9,2001-10
2368,Dalarnas län,25,9,2003-01
2369,Dalarnas län,26,9,2004-02
2370,Dalarnas län,25,9,2006-01
2371,Dalarnas län,25,9,2006-12
2372,Dalarnas län,26,9,2007-01
2373,Dalarnas län,24,9,2009-02
2374,Dalarnas län,25,9,2009-12
2375,Dalarnas län,26,9,2011-11
2376,Dalarnas län,26,9,2014-02
2377,Gotlands län,5,9,1995-03
2378,Gotlands län,5,9,1997-11
2379,Gotlands län,5,9,1999-10
2380,Gotlands län,5,9,1999-11
2381,Gotlands län,5,9,2002-01
2382,Gotlands län,5,9,2002-11
2383,Gotlands län,5,9,2003-01
2384,Gotlands län,5,9,2006-01
2385,Gotlands län,5,9,2006-12
2386,Gotlands län,5,9,2011-10
2387,Gotlands län,5,9,2012-10
2388,Gävleborgs län,26,9,1995-03
2389,Gävleborgs län,26,9,1996-10
2390,Gävleborgs län,25,9,1996-11
2391,Gävleborgs län,26,9,1998-01
2392,Gävleborgs län,26,9,1998-12
2393,Gävleborgs län,24,9,2000-02
2394,Gävleborgs län,26,9,2000-03
2395,Gävleborgs län,25,9,2001-11
2396,Gävleborgs län,26,9,2002-02
2397,Gävleborgs län,26,9,2003-01
2398,Gävleborgs län,26,9,2003-11
2399,Gävleborgs län,24,9,2004-02
2400,Gävleborgs län,24,9,2005-03
2401,Gävleborgs län,26,9,2006-10
2402,Gävleborgs län,24,9,2011-10
2403,Gävleborgs län,24,9,2012-02
2404,Gävleborgs län,26,9,2012-12
2405,Gävleborgs län,25,9,2013-03
2406,Gävleborgs län,24,9,2013-10
2407,Jämtlands län,12,9,1996-01
2408,Jämtlands län,12,9,1999-01
2409,Jämtlands län,11,9,2002-11
2410,Jämtlands län,11,9,2006-01
2411,Jämtlands län,11,9,2010-11
2412,Jämtlands län,12,9,2010-12
2413,Jämtlands län,11,9,2011-03
2414,Jämtlands län,11,9,2011-10
2415,Jönköpings län,27,9,1997-12
2416,Jönköpings län,30,9,1998-02
2417,Jönköpings län,28,9,1998-03
2418,Jönköpings län,28,9,2001-10
2419,Jönköpings län,30,9,2002-10
2420,Jönköpings län,29,9,2003-02
2421,Jönköpings län,28,9,2003-03
2422,Jönköpings län,30,9,2006-11
2423,Jönköpings län,30,9,2010-03
2424,Jönköpings län,30,9,2013-01
2425,Kalmar län,23,9,1995-02
2426,Kalmar län,21,9,1997-10
2427,Kalmar län,20,9,2001-10
2428,Kalmar län,21,9,2001-12
2429,Kalmar län,22,9,2003-03
2430,Kalmar län,20,9,2004-10
2431,Kalmar län,22,9,2005-10
2432,Kalmar län,20,9,2007-03
2433,Kronobergs län,16,9,1995-02
2434,Kronobergs län,16,9,2004-02
2435,Kronobergs län,16,9,2005-10
2436,Kronobergs län,17,9,2006-11
2437,Norrbottens län,24,9,1999-10
2438,Norrbottens län,23,9,2004-02
2439,Norrbottens län,22,9,2004-03
2440,Norrbottens län,23,9,2004-10
2441,Norrbottens län,23,9,2005-11
2442,Stockholms län,160,9,1999-02
2443,Stockholms län,159,9,2000-01
2444,Stockholms län,161,9,2001-01
2445,Södermanlands län,24,9,2002-11
2446,Södermanlands län,23,9,2005-10
2447,Södermanlands län,24,9,2005-12
2448,Södermanlands län,23,9,2006-11
2449,Södermanlands län,24,9,2007-02
2450,Södermanlands län,24,9,2009-02
2451,Södermanlands län,24,9,2009-11
2452,Uppsala län,26,9,1995-02
2453,Uppsala län,27,9,1998-01
2454,Uppsala län,27,9,2000-02
2455,Uppsala län,27,9,2004-03
2456,Uppsala län,28,9,2005-02
2457,Uppsala län,27,9,2005-11
2458,Uppsala län,32,9,2014-02
2459,Värmlands län,26,9,1995-01
2460,Värmlands län,26,9,1996-02
2461,Värmlands län,26,9,1996-10
2462,Värmlands län,25,9,1997-12
2463,Värmlands län,24,9,1999-10
2464,Värmlands län,24,9,2000-01
2465,Värmlands län,24,9,2000-11
2466,Värmlands län,24,9,2001-10
2467,Värmlands län,25,9,2004-02
2468,Värmlands län,24,9,2005-10
2469,Värmlands län,25,9,2010-01
2470,Värmlands län,25,9,2011-11
2471,Västerbottens län,24,9,1998-01
2472,Västerbottens län,22,9,2006-12
2473,Västerbottens län,24,9,2013-01
2474,Västernorrlands län,23,9,1995-11
2475,Västernorrlands län,22,9,1996-11
2476,Västernorrlands län,22,9,1998-02
2477,Västernorrlands län,21,9,2001-03
2478,Västernorrlands län,21,9,2002-11
2479,Västernorrlands län,21,9,2004-01
2480,Västernorrlands län,22,9,2004-02
2481,Västernorrlands län,23,9,2008-03
2482,Västernorrlands län,23,9,2008-10
2483,Västernorrlands län,23,9,2014-03
2484,Västmanlands län,24,9,1998-12
2485,Västmanlands län,24,9,2001-02
2486,Västmanlands län,24,9,2002-11
2487,Västmanlands län,23,9,2004-11
2488,Västmanlands län,23,9,2007-01
2489,Västmanlands län,23,9,2011-03
2490,Västmanlands län,24,9,2014-02
2491,Västra Götalands län,139,9,1997-01
2492,Västra Götalands län,130,9,1998-01
2493,Västra Götalands län,137,9,1998-11
2494,Västra Götalands län,127,9,1999-02
2495,Västra Götalands län,139,9,2000-02
2496,Västra Götalands län,139,9,2001-01
2497,Västra Götalands län,145,9,2006-10
2498,Örebro län,24,9,1998-02
2499,Örebro län,24,9,2001-02
2500,Örebro län,24,9,2005-03
2501,Örebro län,26,9,2006-03
2502,Örebro län,24,9,2007-02
2503,Örebro län,26,9,2008-03
2504,Örebro län,26,9,2008-11
2505,Örebro län,25,9,2009-03
2506,Örebro län,26,9,2011-11
2507,Örebro län,24,9,2012-01
2508,Örebro län,25,9,2013-03
2509,Östergötlands län,37,9,1998-03
2510,Östergötlands län,36,9,2001-02
2511,Östergötlands län,37,9,2001-03
2512,Östergötlands län,39,9,2001-12
2513,Östergötlands län,38,9,2004-02
2514,Östergötlands län,39,9,2007-03
2515,Östergötlands län,37,9,2008-02
2516,Östergötlands län,40,9,2008-03
2517,Östergötlands län,38,9,2010-01
2518,Östergötlands län,38,9,2010-03
2519,Östergötlands län,38,9,2012-12
2520,Östergötlands län,41,9,2013-03
